x,y
-3.9218914509e+00,2.3446159437e-02
-2.8881523609e+00,-2.9581897259e+00
2.7116806507e+00,-2.4950046539e+00
4.5337624550e+00,-4.3376249075e-01
3.0514221191e+00,-2.9565942287e+00
4.0785086155e-01,3.8572003841e+00
-2.6773874760e+00,-3.3145251274e+00
4.0813269615e+00,-7.4149757624e-02
3.4167497158e+00,2.7031762600e+00
-1.9766634703e+00,-3.0620162487e+00
3.3536143303e+00,2.9707911015e+00
3.3851149678e-01,-3.8980276585e+00
4.0383625031e+00,7.7561482787e-02
-3.1047143936e+00,-2.1362931728e+00
-8.7717220187e-02,-4.2682170868e+00
-1.2436713278e-01,-3.3970246315e+00
2.7794764042e+00,-2.5374748707e+00
-3.0279388428e+00,-3.1526567936e+00
-6.7699277401e-01,4.1953191757e+00
-8.6797572672e-02,-3.4123997688e+00
-2.7288768291e+00,2.6609904766e+00
-3.0049312115e+00,2.9091548920e+00
-4.3559284210e+00,-2.0991487801e-01
2.6674512029e-01,-4.5293269157e+00
2.8753995895e+00,-2.4716658592e+00
2.4659457207e+00,-2.7935457230e+00
3.6528620720e+00,2.0356945693e-01
-2.7717356682e+00,2.6088528633e+00
2.4560728073e+00,-2.7765078545e+00
3.1619422436e+00,2.7338919640e+00
-4.7401818633e-01,4.1550831795e+00
2.2134906054e-01,3.4806823730e+00
-3.7696513534e-01,3.9591615200e+00
-4.2434139252e+00,1.4390540309e-02
-2.6523933411e+00,3.2524943352e+00
-2.6668393612e+00,-3.0072739124e+00
3.0054390430e+00,2.6577517986e+00
2.4393281341e-01,-3.7148811817e+00
-4.5265853405e-02,-3.5929315090e+00
3.2998216152e+00,-2.7803585529e+00
-3.1710288525e+00,-3.0769453049e+00
3.3739414215e+00,-2.3640167713e+00
3.6988353729e+00,2.4397747219e-01
-3.7218444347e+00,-7.3746442795e-01
3.0406501293e+00,-3.0386807919e+00
2.6950129867e-01,4.3052411079e+00
-2.8452591896e+00,2.6844644547e+00
-1.7864994705e-01,-3.7574210167e+00
3.7329711914e+00,3.6821353436e-01
-4.1065213084e-01,-3.7688930035e+00
-4.2224607468e+00,-2.1112567186e-01
-2.4888970852e+00,-3.2991950512e+00
4.4579377770e-01,-4.1234998703e+00
3.0586476326e+00,-3.0131599903e+00
3.8910067081e-01,3.4909863472e+00
2.8305282593e+00,3.3267874718e+00
3.8908207417e+00,2.8541937470e-02
-3.2711908817e+00,-2.9641661644e+00
3.8790168762e+00,-1.5831798315e-01
-3.9239313602e+00,-5.1401072741e-01
3.2195160389e+00,-2.6649796963e+00
3.5879533291e+00,-5.7029765844e-01
8.3082392812e-02,-3.7523002625e+00
-4.1246199608e+00,-3.9183774590e-01
-2.7323741913e+00,2.5402507782e+00
-3.0859017372e-01,-4.1467814445e+00
2.7403545380e+00,-2.6783177853e+00
-2.6041338444e+00,2.4960727692e+00
-2.7362287045e+00,-3.0544996262e+00
2.7235910892e+00,-3.3742730618e+00
-2.9392218590e+00,-3.0668540001e+00
2.8750455379e+00,-2.8899567127e+00
3.0434978008e+00,2.7131247520e+00
3.2907497883e+00,-2.9275863171e+00
4.1618089676e+00,1.1156723835e-02
3.1559951305e+00,-2.6916811466e+00
-3.7536840439e+00,-3.5187032819e-01
3.3627076149e+00,4.6744954586e-01
-5.6970570236e-02,-3.8113043308e+00
3.0290513039e+00,-2.5724382401e+00
2.7985446453e+00,-2.4315638542e+00
9.0807387605e-03,-4.1230421066e+00
2.9491879940e+00,2.9931826591e+00
2.7032434940e+00,2.6333510876e+00
2.3244814873e+00,-2.9963936806e+00
-1.7861482501e-01,3.6865940094e+00
-2.3745760918e+00,-2.6070530415e+00
-2.7987010479e+00,2.6792473793e+00
-2.0292997360e-01,-3.9918894768e+00
3.2599473000e+00,2.6152532101e+00
2.8162214756e+00,-2.2825045586e+00
-2.9822604656e+00,2.6288676262e+00
2.6550881863e+00,-3.0380246639e+00
-1.1798200011e-01,3.9352483749e+00
-2.9727241993e+00,-3.0446486473e+00
-4.5405420661e-01,4.0092864037e+00
-2.8649156094e+00,2.8536758423e+00
-2.9032800198e+00,-3.4188687801e+00
2.0181657374e-01,3.4681448936e+00
2.8092908859e+00,2.6200799942e+00
4.1168427467e+00,-7.8550212085e-02
2.1995867789e-01,4.0050740242e+00
-2.7188525200e+00,2.6778163910e+00
-2.3928048611e+00,3.0310733318e+00
2.2243949771e-01,4.3543601036e+00
6.2349987030e-01,-4.0434689522e+00
3.0217108727e+00,-2.9540705681e+00
2.2429116070e-02,-4.4204449654e+00
2.8585278988e+00,2.8847551346e+00
-3.4095053673e+00,2.8296492100e+00
1.1687386781e-01,3.9096708298e+00
3.1337301731e+00,3.2519972324e+00
6.0422822833e-02,3.9586930275e+00
3.1033287048e+00,3.4610478878e+00
4.0592026711e+00,-3.1875561923e-02
3.1508510113e+00,-2.8621284962e+00
-2.2162203789e+00,3.4609403610e+00
-3.0492298603e+00,3.3383660316e+00
-2.1778512001e+00,2.9936292171e+00
2.4606566429e+00,2.9456200600e+00
-2.6530759335e+00,-3.3040208817e+00
-3.4711730480e+00,-1.4194835722e-01
-2.9058876038e+00,2.6939339638e+00
-3.5273355246e-01,3.7417404652e+00
-4.8509371281e-01,4.4369406700e+00
3.0947179794e+00,2.9712209702e+00
-9.3214169145e-02,3.4263839722e+00
1.4096371830e-01,3.7709138393e+00
4.0065937042e+00,-5.8883849531e-02
7.0930190384e-02,-4.0812044144e+00
-3.5549211502e+00,-7.8534916043e-02
3.7829394341e+00,2.1419024467e-01
-4.0202083588e+00,5.5389691144e-02
-3.0655708313e+00,-2.7055974007e+00
-2.9791133404e+00,-2.7132794857e+00
2.4659633636e+00,2.9417634010e+00
-2.7376110554e+00,-2.6572933197e+00
2.8933219910e+00,-2.5357403755e+00
-2.5112388134e+00,-3.0337295532e+00
7.0339413360e-03,3.6021482944e+00
4.3399829865e+00,-2.2353287041e-01
-2.1562592983e+00,-2.9793949127e+00
3.0072662830e+00,3.1184675694e+00
3.0496826172e+00,2.7822883129e+00
-2.9672360420e+00,2.8914008141e+00
2.7325222492e+00,2.7136580944e+00
-3.1613981724e-01,4.6255602837e+00
2.8244848251e+00,-2.6460387707e+00
-2.4531731606e+00,-2.6355779171e+00
3.0235538483e+00,2.8744461536e+00
-6.6052861512e-02,3.7949893475e+00
-3.0038018227e+00,-2.7426302433e+00
-4.2034330368e+00,-1.8457385898e-01
-3.2094130516e+00,-3.4438900948e+00
2.2572302818e+00,-3.3175771236e+00
-1.3960824907e-01,3.4875373840e+00
-2.9305126667e+00,3.7964038849e+00
-2.9165587425e+00,3.3190143108e+00
-4.2211542130e+00,-4.4890493155e-02
-2.5884113312e+00,2.9682247639e+00
-2.0504016876e+00,2.5175137520e+00
3.1577434540e+00,-2.4801828861e+00
3.9345166683e+00,-8.8381230831e-02
-2.7952096462e+00,2.9469578266e+00
-2.6651883125e+00,-2.9363987446e+00
-3.0953700542e+00,-2.3199028969e+00
4.0436244011e+00,-5.5683976412e-01
-3.5925453901e-01,3.9163074493e+00
-2.9865117073e+00,-2.9110412598e+00
2.7235479355e+00,2.8119323254e+00
-3.2000796795e+00,-3.0362608433e+00
3.9881893992e-01,-4.0189852715e+00
-2.6283907890e+00,2.6906130314e+00
2.7566981316e+00,-2.2642750740e+00
-4.1028389931e+00,3.2873415947e-01
-2.7090344429e+00,2.3355693817e+00
-2.6491432190e+00,2.6611738205e+00
2.1045036316e+00,-3.1022164822e+00
3.6183385849e+00,-1.8600480258e-01
-2.4298477173e+00,3.0188403130e+00
-5.0481062382e-02,-3.9138648510e+00
-4.6680805087e-01,3.6712079048e+00
-3.9329862595e+00,3.3472475410e-01
2.9000644684e+00,2.5950284004e+00
-2.2215590477e+00,2.8532125950e+00
3.0646548271e+00,-2.8060889244e+00
2.4782228470e+00,-2.6547842026e+00
-3.8383903503e+00,-1.8702389207e-03
-2.8506243229e+00,2.9764113426e+00
3.4882049561e+00,-2.4030912668e-02
-4.1667437553e+00,-2.5623789430e-01
3.2599041462e+00,-2.3591206074e+00
2.8217997551e+00,-2.9685668945e+00
-3.7402829528e-01,3.6704142094e+00
2.3048044741e-01,-4.3419666290e+00
-4.5181446075e+00,-4.1580346227e-01
-1.6235092282e-01,3.9940776825e+00
4.2395201325e-01,-3.9985697269e+00
-2.2703993320e+00,2.2802391052e+00
-5.4719263315e-01,-3.7262573242e+00
-2.5253429413e+00,-3.1521747112e+00
2.3412556648e+00,-2.9008247852e+00
3.0139827728e+00,2.6641876698e+00
4.1989488602e+00,-1.8176640570e-01
3.1400547028e+00,-2.6006546021e+00
-4.2729444504e+00,6.9398641586e-02
3.8652687073e+00,1.3062313199e-01
-3.4892144203e+00,2.5655505657e+00
2.2888171673e+00,2.5035462379e+00
3.0145833734e-03,-4.4330019951e+00
-2.5908513069e+00,2.8274705410e+00
-2.7987096310e+00,3.6791286469e+00
2.6834568977e+00,2.2857651711e+00
-3.7821021080e+00,3.1278336048e-01
-2.8117480278e+00,-2.7589263916e+00
3.8191497326e-01,-3.9268898964e+00
3.9380309582e+00,-7.7108182013e-02
-3.8158602715e+00,-1.3692153618e-02
-4.6807286143e-01,4.1798834801e+00
-4.2454781532e+00,-2.6844304800e-01
2.7031614780e+00,2.8332722187e+00
-2.6636579037e+00,2.7903368473e+00
6.9299109280e-02,-3.9252586365e+00
-3.5278382301e+00,-8.6729151011e-01
-4.3533572555e-01,3.8222396374e+00
-2.4001123905e+00,-2.1523821354e+00
-3.3083384037e+00,-2.6130547523e+00
2.5607905388e+00,-2.7986884117e+00
2.0725324154e+00,3.0381331444e+00
-3.7341854572e+00,-2.9817447066e-01
2.2259774804e-01,4.2802591324e+00
-2.9517376423e+00,2.4493644238e+00
-2.5766476989e-01,-3.9817705154e+00
-2.5130743980e+00,-2.9046390057e+00
-2.8647887707e+00,-2.6972873211e+00
-4.0680602193e-02,3.9207890034e+00
-4.9221193790e-01,4.2198476791e+00
2.7178168297e+00,-2.4296300411e+00
3.2520174980e+00,3.1981840134e+00
3.4090011120e+00,-2.4513206482e+00
-4.3069252968e+00,1.2025851756e-01
2.4182145596e+00,-3.2408847809e+00
-3.2223742008e+00,-3.0515036583e+00
-3.2493371964e+00,-2.1708650589e+00
3.1719291210e+00,-3.4178066254e+00
-1.2112163939e-02,-3.5367314816e+00
-2.9512176514e+00,-2.8246123791e+00
4.0966472626e+00,-4.0946480632e-01
-2.7602255344e+00,2.4908413887e+00
1.7546109855e-02,3.8264083862e+00
5.4564762115e-01,-3.9558436871e+00
-3.5650062561e+00,3.2660291195e+00
3.1870293617e+00,3.0007162094e+00
1.3763029873e-01,-4.0435700417e+00
-3.0790698528e+00,-2.5910313129e+00
3.2732064724e+00,-3.0114796162e+00
3.1017625332e-01,-3.7924199104e+00
-2.7988200188e+00,2.8446624279e+00
-3.2816329002e+00,-2.1620792150e-01
3.2888846397e+00,-2.6821026802e+00
-2.6279239655e+00,2.8754973412e+00
-2.6252996922e+00,3.2561585903e+00
3.6485767365e+00,2.3270735741e+00
-3.6921808720e+00,-4.5141938329e-01
3.4558168054e-01,-4.4893856049e+00
-1.9363366067e-01,-4.1135444641e+00
-1.5908350050e-01,-4.3617253304e+00
-3.2135769725e-01,-4.2347307205e+00
-2.9182710648e+00,3.1240282059e+00
-4.2609429359e+00,-9.2967659235e-02
-2.9041879177e+00,3.2066042423e+00
-2.4783887863e+00,-2.6846566200e+00
2.8565216064e+00,2.8829076290e+00
4.0287008286e+00,-1.7109751701e-01
-3.0715794563e+00,2.8990595341e+00
-4.1906169057e-01,3.9304530621e+00
-2.9501752853e+00,2.8616812229e+00
2.4317829609e+00,2.6458621025e+00
3.0729529858e+00,3.3606700897e+00
-3.0226027966e+00,2.0511431694e+00
-1.8822523952e-01,4.2529454231e+00
4.1858496666e+00,4.9759849906e-01
-3.1144213676e-01,-4.2667546272e+00
-2.1301928163e-01,3.7606754303e+00
-3.9770822525e+00,4.3833085895e-01
-3.1568965912e+00,2.7931149006e+00
3.1052176952e+00,2.6809635162e+00
2.8401238918e+00,-3.1727983952e+00
7.8043138981e-01,-4.1350507736e+00
-3.3651459217e+00,2.7032158375e+00
2.9115867615e+00,-2.7923035622e+00
-2.8707208633e+00,2.6272530556e+00
5.2556234598e-01,-4.2207183838e+00
-1.8187698722e-01,-4.1119737625e+00
3.0810155869e+00,2.7770845890e+00
-3.5839822143e-02,3.6517481804e+00
-4.3648943901e+00,-1.9301487505e-01
-2.9189045429e+00,-3.4779534340e+00
3.2394611835e-01,-3.8395774364e+00
-3.3441481590e+00,2.4145739079e+00
2.5595369339e+00,2.7497456074e+00
3.9178895950e+00,-3.6764472723e-01
-2.7087996006e+00,-2.4618320465e+00
3.7681770325e-01,3.7749235630e+00
2.8484463692e+00,2.7943949699e+00
3.1543188095e+00,-2.3153197765e+00
3.7075824738e+00,-2.3059001565e-01
3.8551011086e+00,-4.7545157373e-02
-3.2575994730e-01,3.8119447231e+00
3.1714718342e+00,-2.2279245853e+00
2.6606342793e+00,3.0646839142e+00
3.1916561127e+00,2.8055183887e+00
-4.1004247665e+00,-7.3828619719e-01
2.7005929947e+00,2.9805219173e+00
-4.0132727623e+00,6.0357159376e-01
-3.8161234856e+00,2.4670694023e-02
-2.8016052246e+00,-3.0334403515e+00
2.4451799393e+00,-2.7241957188e+00
2.9406626225e+00,3.0525293350e+00
3.3167695999e+00,2.2012710571e+00
4.7412541509e-01,-4.0865597725e+00
1.3888576627e-01,-4.1302309036e+00
-2.8273384571e+00,-3.0575344563e+00
2.5042788982e+00,-2.9270918369e+00
-3.8878955841e+00,2.0337265730e-01
-2.8410549164e+00,-2.6524617672e+00
-4.7436189651e+00,1.7120802402e-01
2.7393343449e+00,2.4650955200e+00
-2.0609524846e-01,-3.8718805313e+00
2.7108221054e+00,3.0930755138e+00
-2.6596791744e+00,-2.8465089798e+00
2.9051892757e+00,2.4921600819e+00
3.8258769512e+00,-1.2717193365e-01
4.1562929153e+00,-7.6380556822e-01
-2.4684876204e-01,-3.9484856129e+00
2.5987257957e+00,-3.4000015259e+00
-2.2193834186e-01,-3.9949722290e+00
4.4007781893e-02,3.8930864334e+00
-4.4055523872e+00,-1.2808746658e-02
3.8080293685e-02,-4.2180657387e+00
-4.2111263275e+00,-2.0296218991e-01
2.7857072353e+00,-2.8460621834e+00
-4.0507831573e+00,-3.9650580287e-01
-4.3865213394e+00,9.5076613128e-02
-3.0123283863e+00,2.1494164467e+00
-2.9170329571e+00,-2.6746103764e+00
-3.3832871914e-01,-3.7835831642e+00
2.9093828201e+00,-3.1626591682e+00
2.5619859695e+00,-2.3905844688e+00
-2.6413140297e+00,-2.7762560844e+00
-3.9402947426e+00,-3.2997596264e-01
-2.5660314560e+00,-2.6292960644e+00
-2.7606990337e+00,2.5243184566e+00
-1.4773575962e-01,3.1675181389e+00
2.5906200409e+00,-3.0061447620e+00
-4.5356997848e-01,4.2133803368e+00
2.9208281040e+00,2.3396070004e+00
-2.7203152180e+00,-2.7173140049e+00
4.0077528954e+00,-5.8883618563e-02
2.8858697414e-01,4.1438007355e+00
3.0885236263e+00,2.9303689003e+00
3.5183727741e+00,3.5261780024e-01
2.8244668245e-01,4.3305644989e+00
-4.3178167343e+00,1.1167905480e-01
2.7291071415e+00,2.7427773476e+00
-2.8741919994e+00,-2.7708199024e+00
4.3322052956e+00,3.9926037192e-01
-2.7730729580e+00,3.0968706608e+00
2.6883702278e+00,-2.0388662815e+00
-3.1725969315e+00,2.2941429615e+00
2.9622886181e+00,3.2129271030e+00
4.1031885147e+00,-2.8592106700e-01
-6.8630170822e-01,4.4020714760e+00
3.2154078484e+00,-3.1170964241e+00
-2.8299276829e+00,3.0042488575e+00
2.5567669868e+00,-3.0256609917e+00
-3.8089008331e+00,2.1617282927e-01
2.5265240669e+00,2.7395801544e+00
-2.6749420166e+00,-2.8485014439e+00
3.6096928120e+00,-3.1627303362e-01
-2.4300847054e+00,2.9547049999e+00
2.6564993858e+00,2.7423288822e+00
-5.6256990880e-02,4.0126161575e+00
-3.0187110901e+00,-2.8607022762e+00
6.3809382915e-01,-4.1905398369e+00
1.3794505596e-01,-4.2143678665e+00
3.4747204185e-01,3.9291296005e+00
-2.5709360838e-01,-4.2129998207e+00
3.1338376999e+00,2.6335337162e+00
2.6499145031e+00,3.1887817383e+00
3.3930792809e+00,3.6805498600e-01
-3.7766547203e+00,5.2133031189e-02
-3.0707151890e+00,-2.3946800232e+00
-2.4839835167e+00,-2.6734590530e+00
2.6801896095e+00,3.2151679993e+00
4.2476744652e+00,-3.9551183581e-01
-2.8109133244e+00,3.0842251778e+00
-3.9726071358e+00,1.4668446966e-02
-2.7427501678e+00,2.9941036701e+00
-2.2517716885e+00,2.6223356724e+00
-7.3203817010e-02,4.1414422989e+00
2.1920413971e+00,-2.9390649796e+00
-2.8372015953e+00,2.7815225124e+00
1.5832389891e-01,-3.4174609184e+00
1.6330404580e-01,4.1750063896e+00
3.8812026381e-02,-3.5741221905e+00
-3.6316137314e+00,-3.7751355767e-01
2.4231257439e+00,-2.5875272751e+00
1.6891333461e-01,-3.6655714512e+00
4.2946405411e+00,-2.7328974009e-01
4.3981176615e-01,-3.7518701553e+00
2.3227624893e+00,-2.9223973751e+00
2.4261207581e+00,2.8308932781e+00
4.1161589622e+00,1.4824037254e-01
2.2970803082e-01,-4.1801481247e+00
2.8380193710e+00,-2.4381685257e+00
3.8747677803e+00,9.7501240671e-02
1.6122761369e-01,3.6056923866e+00
-2.0912677050e-01,-3.7069642544e+00
-3.0976308510e-02,-4.1599092484e+00
-2.9886963367e+00,-2.9549937248e+00
2.9542725086e+00,-2.2029652596e+00
-1.8398390384e-03,4.0622830391e+00
6.6343528032e-01,-4.3983244896e+00
-2.8436837196e+00,-2.9696936607e+00
-3.9110422134e+00,-3.9372381568e-01
2.6067538261e+00,-3.1691632271e+00
3.8866472244e+00,4.9008870125e-01
-2.8034765720e+00,-2.5727086067e+00
1.0816963017e-01,3.9585649967e+00
2.6591343880e+00,2.8534138203e+00
4.1752257347e+00,5.0169795752e-01
-3.4419066906e+00,-4.5620473102e-03
-4.0894522667e+00,2.4458788335e-01
-3.1594914198e-01,-4.5869283676e+00
2.3507213593e-01,-4.2258682251e+00
-2.7257534862e-01,-4.0147709846e+00
3.9564700127e+00,-3.1413185596e-01
3.9297184944e+00,-2.2775752842e-01
-4.1979730129e-01,3.7603030205e+00
-3.0556285381e+00,-2.5597941875e+00
-3.6969625950e+00,-1.2280531228e-01
5.7677620649e-01,-4.1960105896e+00
4.4139447212e+00,-5.8145457506e-01
-3.0530047417e+00,2.8066165447e+00
3.9708614349e+00,-4.9239709973e-01
2.7778670192e-01,4.0989942551e+00
4.8021178246e+00,3.0328050256e-01
4.5328149796e+00,-4.3563511968e-01
-3.1509130001e+00,2.8695175648e+00
-3.7939689159e+00,1.1192798615e-01
-2.9960877895e+00,3.2918343544e+00
3.9697313309e-01,3.7059826851e+00
-4.0487846732e-01,4.0725746155e+00
4.1311960220e+00,2.7539348602e-01
-4.0298128128e+00,-2.1190823615e-01
3.1901630759e-01,-4.1179051399e+00
2.7752428055e+00,3.0397639275e+00
-3.7316551208e+00,-4.2960682511e-01
3.9025225639e+00,3.0896735191e-01
2.7737164497e+00,3.3371992111e+00
-3.9286732674e-01,-4.1102585793e+00
3.5384669900e-02,-4.0948290825e+00
3.3155341148e+00,2.7440321445e+00
-2.8205935955e+00,2.7584564686e+00
-2.8806619644e+00,-2.3641281128e+00
-2.6146039963e+00,2.6825907230e+00
2.8491542339e+00,-2.4732301235e+00
-2.9918241501e+00,2.6018176079e+00
-4.9102061987e-01,4.3557386398e+00
-2.9859344959e+00,2.7082476616e+00
-3.0910191536e+00,3.2055513859e+00
5.4908418655e-01,-3.4377424717e+00
-3.3071248531e+00,-2.6705029011e+00
-1.1687518656e-01,-4.2867331505e+00
3.4846094251e-01,-4.2955789566e+00
3.6451969147e+00,7.5110182166e-02
2.9982621670e+00,-3.0103476048e+00
-3.8009350300e+00,-5.3718243726e-03
4.2075600624e+00,1.2342808396e-01
2.9247274399e+00,-2.3084816933e+00
2.8137152195e+00,2.6803920269e+00
-3.1425321102e+00,-2.9160096645e+00
3.8317310810e+00,2.4905970693e-01
2.7082624435e+00,-2.9939582348e+00
3.1738886833e+00,-2.7306451797e+00
2.5867075920e+00,-2.7652220726e+00
2.3486313820e+00,-2.8729832172e+00
2.6839902401e+00,-2.3137197495e+00
-2.2323641777e+00,2.3625578880e+00
2.9699668884e+00,-2.7787923813e+00
3.4535696507e+00,-2.6118230820e+00
3.8534502983e+00,6.8234540522e-02
2.5508663058e-01,-4.2046194077e+00
-4.9815718085e-02,-4.0601034164e+00
3.0602307320e+00,-2.6379654408e+00
3.2206306458e+00,2.7945234776e+00
-2.8988971710e+00,2.5407323837e+00
-2.6436145306e+00,2.4350829124e+00
2.8011379242e+00,-2.5213794708e+00
4.2209300995e+00,-1.5425619483e-01
-2.3818242550e+00,-2.4310894012e+00
-2.5460040569e-01,-3.5328254700e+00
-2.7203183174e+00,-2.4150805473e+00
5.5827009678e-01,-4.0681033134e+00
3.7377586365e+00,4.9779780209e-02
3.8290855885e+00,-5.4758238792e-01
-2.9083795547e+00,-2.5036549568e+00
-3.1707777977e+00,-3.0479688644e+00
-2.3213949203e+00,3.0264682770e+00
-2.4495098591e+00,-2.5500860214e+00
-2.7098670006e+00,-3.0684630871e+00
-2.9759914875e+00,-2.3738875389e+00
-3.2387518883e+00,-2.7662117481e+00
4.3126788735e-01,-3.9991307259e+00
3.6479523182e+00,-4.9057085998e-03
-2.4689579010e+00,2.5016837120e+00
-3.6092855930e+00,-2.4196963012e-01
-2.4233067036e+00,3.2654366493e+00
4.2082891464e+00,3.9124301076e-01
2.6803526878e+00,2.7967863083e+00
-2.0818338394e+00,-2.7541856766e+00
-1.0967812687e-01,3.8830606937e+00
3.2259078026e+00,-2.8175239563e+00
2.6425538063e+00,2.7609150410e+00
-2.9735882282e+00,2.7515316010e+00
-3.9628179073e+00,-2.6025265455e-01
-2.5848650932e+00,2.5010778904e+00
-4.3900022507e+00,2.2536141798e-02
4.0880780220e+00,-3.4031772614e-01
3.0406370163e+00,3.3067543507e+00
2.9074344635e+00,-2.6262586117e+00
2.6703677177e+00,-2.9528150558e+00
-3.6090354919e+00,-1.8839865923e-02
3.4703149796e+00,-2.7485947609e+00
-1.8391822278e-01,-3.9045712948e+00
2.6714694500e+00,-2.6426963806e+00
3.1312329769e+00,-3.0316860676e+00
-4.1534132957e+00,4.7067537904e-01
3.9099724293e+00,-1.4809972048e-01
-2.8259105682e+00,-2.7890150547e+00
-1.2525023520e-01,-4.2311882973e+00
2.7358040810e+00,-2.2258141041e+00
3.1179528236e+00,-2.7074317932e+00
2.8674216270e+00,2.7060310841e+00
3.2011756897e+00,-3.1765663624e+00
1.7631171504e-03,-3.7937371731e+00
-2.4821572304e+00,2.9799215794e+00
1.7823578417e-01,-3.6330485344e+00
-2.6561901569e+00,-2.7246577740e+00
-4.4141454697e+00,1.3198006153e-01
4.5420694351e+00,-2.2724156082e-01
1.4556674287e-02,4.3530173302e+00
-1.6138067842e-01,-3.8017802238e+00
4.0142769814e+00,1.9482015073e-01
-2.7999007702e+00,-3.1275601387e+00
-2.8189988136e+00,-3.1801156998e+00
3.0467445850e+00,-2.4012095928e+00
-6.5653763711e-02,3.8138756752e+00
2.7845621109e+00,-2.6114988327e+00
-2.9782056808e+00,-3.1315550804e+00
-4.2259650230e+00,-1.1232350767e-01
-1.0671900585e-02,3.5080878735e+00
-2.4307982922e+00,2.6370303631e+00
4.8279725015e-03,-3.3357355595e+00
3.9666161537e+00,2.9683119059e-01
-2.4980962276e-02,4.3025264740e+00
2.2210651636e-01,3.5756874084e+00
-1.7916724086e-01,-3.9478201866e+00
1.3047166169e-01,4.1048369408e+00
2.8869380951e+00,2.7246398926e+00
-4.1006603241e+00,-1.2138507515e-01
-2.6019186974e+00,-3.0618979931e+00
2.1596292034e-02,3.4747569561e+00
3.3386712074e+00,-3.0701775551e+00
3.0675106049e+00,2.9345436096e+00
-4.3665188551e-01,4.0207166672e+00
-5.0935989618e-01,3.6414127350e+00
2.9191234112e+00,3.0214254856e+00
3.5974981785e+00,1.0223595053e-01
-2.4856612682e+00,-3.4170782566e+00
4.1488323212e+00,3.6333158612e-01
-2.4514455795e+00,-2.8436555862e+00
-2.9236775637e-01,4.4111719131e+00
1.1884699576e-02,4.3716964722e+00
6.4557635784e-01,-4.2583007812e+00
3.1729063988e+00,-2.8303864002e+00
2.9903180599e+00,2.9695425034e+00
3.5723843575e+00,-6.4464300871e-01
-4.1376686096e+00,3.3493244648e-01
4.9418017268e-01,3.5093240738e+00
2.8445820808e+00,2.5631892681e+00
5.3837227821e-01,4.0391712189e+00
2.6434304714e+00,-2.6166982651e+00
2.8873286247e+00,-2.8508992195e+00
-2.3775937557e+00,2.2950472832e+00
1.6218043864e-01,-3.3215830326e+00
4.2202191353e+00,-4.8335906863e-01
-3.2513918877e+00,-3.3866214752e+00
-3.8592100143e+00,-1.2368945777e-01
2.8439214230e+00,2.4830832481e+00
2.5317208767e+00,-2.8275110722e+00
-2.8898296356e+00,-2.6826009750e+00
2.4805822372e+00,-2.5084331036e+00
3.0905860662e-01,3.9572672844e+00
3.0323553085e+00,-3.0057647228e+00
3.0950145721e+00,2.3362855911e+00
2.4163029194e+00,2.5613222122e+00
1.8418161571e-01,4.3988933563e+00
2.4566866457e-01,-4.0158205032e+00
-2.7209396362e+00,-2.7770752907e+00
-3.8532950878e+00,-5.1149733365e-02
-2.0987250805e+00,2.9919052124e+00
-3.3638763428e+00,-3.1094768047e+00
2.7785780430e+00,-2.8206698895e+00
4.1070933342e+00,-5.0016450882e-01
2.9446189404e+00,3.5273263454e+00
3.6710445881e+00,2.6862574741e-02
3.3422556520e-01,3.5175759792e+00
2.5867054462e+00,-2.4794225693e+00
3.7901980877e+00,-9.3547422439e-03
-4.1338706017e+00,4.1607183218e-01
2.8928918839e+00,3.1306314468e+00
2.7611002922e+00,-3.1399726868e+00
2.8290452957e+00,-2.6097016335e+00
-4.2567386627e+00,-3.2433080673e-01
3.1904208660e+00,-3.1991991997e+00
-3.8176426888e+00,7.6590448618e-02
-6.4621758461e-01,-3.9659786224e+00
3.7969787121e+00,-4.9561530352e-02
-2.0568339527e-01,-4.8283443451e+00
4.1979464889e-01,3.7810921669e+00
-3.6527864635e-02,4.0868573189e+00
-4.4391959906e-02,-3.6414928436e+00
-4.2986340523e+00,-2.9438871145e-01
2.6188427210e-01,-3.9855446815e+00
-3.5530304909e+00,2.0366705954e-01
2.2862735391e-01,-4.7712659836e+00
2.9262964725e+00,2.5748355389e+00
6.6060945392e-02,-3.9398846626e+00
4.2304668427e+00,2.9092216864e-02
2.2461347580e+00,-2.9580428600e+00
4.1022667885e+00,1.0114422999e-02
4.6619267464e+00,2.9079586267e-01
-2.5773286819e+00,-2.4741005898e+00
-2.6575510502e+00,-3.1613600254e+00
-2.8723449707e+00,2.9136879444e+00
3.0883843899e+00,2.4590594769e+00
-2.2390046120e+00,-2.8377203941e+00
2.7748353481e+00,-2.7567150593e+00
3.0654041767e+00,3.4468803406e+00
-2.2957682610e+00,-3.0074064732e+00
2.4331452847e+00,2.9525482655e+00
-3.1994390488e+00,2.5842485428e+00
3.1434531212e+00,-2.2877907753e+00
3.4062957764e+00,2.0599837601e-01
2.6229531765e+00,2.4853091240e+00
5.0526899099e-01,4.0724930763e+00
2.4772286415e+00,3.0078322887e+00
2.9724993706e+00,-2.5629403591e+00
7.3610699177e-01,3.4854152203e+00
3.3179218769e+00,2.7932093143e+00
4.1653037071e+00,6.1307418346e-01
-2.6594176292e+00,2.7808167934e+00
-2.7734906673e+00,-2.8251290321e+00
1.5531378984e-01,3.9208080769e+00
2.5676939487e+00,-2.6182568073e+00
4.1939840317e+00,4.0190517902e-01
-2.5493443012e+00,2.4846155643e+00
-3.0626299977e-01,-3.8799057007e+00
-3.9514653683e+00,5.1378542185e-01
2.5673258305e-01,3.4413242340e+00
2.3504385725e-02,3.6780653000e+00
-3.0829095840e+00,2.5026128292e+00
2.9382781982e+00,-2.7691051960e+00
-2.7082142234e-01,-3.6477763653e+00
-3.0617184639e+00,-2.6364645958e+00
-2.5400929451e+00,3.2718641758e+00
-2.6116600260e-02,-3.9979035854e+00
-4.0181255341e-01,-4.6381711960e+00
-2.8184611797e+00,-2.8327500820e+00
-2.9417638779e+00,2.6127755642e+00
3.7021503448e+00,4.3971203268e-02
3.7837997079e-01,3.8805477619e+00
3.1687035561e+00,-3.3740007877e+00
3.1244945526e+00,2.8266384602e+00
-4.6224978566e-01,-3.5780806541e+00
3.2094397545e+00,-2.9098992348e+00
-2.5424109772e-02,-4.0816283226e+00
3.8367292881e+00,-3.9623442292e-01
-3.4760811925e-01,4.1358466148e+00
-2.9703919888e+00,3.2175517082e+00
2.8981137276e+00,2.7055275440e+00
2.5221996307e+00,2.6371419430e+00
1.1555893719e-01,-4.5127673149e+00
-7.9722338915e-01,-3.7839632034e+00
5.7940864563e-01,-4.4766316414e+00
2.3671441078e+00,-2.9447555542e+00
3.0090544224e+00,-3.0369486809e+00
-2.7564053535e+00,2.5497360229e+00
4.2353215218e+00,4.3109601736e-01
-6.6742159426e-02,-4.2636775970e+00
2.4675440788e+00,2.5983641148e+00
-2.6472330093e+00,3.2014789581e+00
3.9635834694e+00,-1.4474388212e-02
-2.5001854897e+00,2.9985773563e+00
2.9948668480e+00,2.8720479012e+00
3.0161077976e+00,-2.2426238060e+00
4.2412414551e+00,-1.9848790765e-01
-2.8260350227e+00,-3.0294201374e+00
6.2801122665e-01,-4.0319371223e+00
3.6888486147e-01,-4.3489718437e+00
8.0013409257e-02,4.0840067863e+00
-3.9319999218e+00,3.5503238440e-01
-3.9550561905e+00,1.5825161338e-01
-4.2377877235e+00,2.9750141501e-01
3.0166826248e+00,2.8949072361e+00
-2.5621242523e+00,-2.4239177704e+00
4.1304101944e+00,-2.1480189264e-01
3.1146245003e+00,-3.0110068321e+00
-3.0983487144e-02,4.8191723824e+00
4.7508287430e+00,-2.8227919340e-01
2.5382728577e+00,-2.6157865524e+00
3.0103406906e+00,-3.2934045792e+00
-3.2507491112e+00,-8.2889974117e-02
8.8258638978e-02,-4.4762082100e+00
-2.6967692375e+00,2.8627648354e+00
-3.0627572536e-01,-3.7751839161e+00
-2.5957241058e+00,-2.7243535519e+00
-2.7396881580e+00,-2.7849152088e+00
-4.2711477280e+00,3.0650264025e-01
-5.3061407804e-01,3.6073007584e+00
-2.7965450287e+00,-2.4702117443e+00
3.1755688190e+00,-3.3611795902e+00
-3.9033949375e+00,-1.7895041406e-01
-3.1789021492e+00,2.8536045551e+00
-3.7279224396e+00,2.7370062470e-01
-6.3783682883e-02,4.1668658257e+00
1.8215924501e-01,-3.5406494141e+00
3.5495696068e+00,6.0467702150e-01
-2.9581401348e+00,2.4845914841e+00
2.9721455574e+00,-2.2364869118e+00
3.1120259762e+00,-2.9886093140e+00
-2.6600236893e+00,-2.9408800602e+00
2.9714913368e+00,2.8760917187e+00
-1.7282603681e-01,3.6863284111e+00
2.2563518584e-01,-4.5916590691e+00
-3.0055670738e+00,-3.1781697273e+00
-1.6744787991e-01,-3.5974330902e+00
2.8534307480e+00,2.6836831570e+00
3.7898998260e+00,-4.7256663442e-02
3.3551697731e+00,2.7245950699e+00
2.2323159873e-01,-3.6671974659e+00
2.8813602924e+00,-2.8321034908e+00
-3.7100658417e+00,2.2298334539e-01
3.2603075504e+00,-2.8233850002e+00
-2.9092879295e+00,1.9801521301e+00
2.8130564690e+00,-2.7722902298e+00
4.2021532059e+00,2.6306971908e-01
-2.2871424258e-01,4.0684752464e+00
-3.0198705196e+00,2.8848066330e+00
3.0594806671e+00,2.6383447647e+00
2.5066449642e+00,-2.9902224541e+00
2.6664547920e+00,-2.5082707405e+00
3.9602978230e+00,2.1998350322e-01
-4.1671309471e+00,6.3211995363e-01
-4.3301401138e+00,-5.8069300652e-01
3.8113148212e+00,-6.4697442576e-03
3.5168440342e+00,1.2729808223e-03
2.3820493221e+00,-2.4526548386e+00
8.4432259202e-02,4.3038997650e+00
2.7377347946e+00,2.7086279392e+00
-2.0223134756e-01,3.7265305519e+00
-2.8274366856e+00,2.5617690086e+00
-3.0619599819e+00,-3.0887613297e+00
-2.5018823147e+00,2.1798319817e+00
-3.6542351246e+00,-2.9876038432e-01
-2.6140582561e+00,-3.3485710621e+00
3.0186443329e+00,-2.7933902740e+00
2.8352508545e+00,-2.6808345318e+00
3.7242681980e+00,-3.9016848803e-01
-4.3899765015e+00,-2.4397289753e-01
5.3426459432e-02,4.0715522766e+00
3.5484638214e+00,-2.4048233032e+00
-3.8664529324e+00,-4.9820013344e-02
3.0439668894e-01,4.5586533546e+00
2.8289444447e+00,-2.4437086582e+00
1.9445097446e+00,-2.8085331917e+00
2.5708055496e-01,4.1010384560e+00
3.1243391037e+00,2.8236155510e+00
-4.5065873861e-01,-3.9623551369e+00
3.2866401672e+00,3.1669671535e+00
-2.8889521956e-01,3.5010807514e+00
3.0064709187e+00,2.8014957905e+00
2.4296224117e+00,2.6401650906e+00
-2.9390325546e+00,-2.5302557945e+00
-4.3126316071e+00,1.8018721044e-01
2.6863219738e+00,2.8445074558e+00
3.9472386837e+00,1.3503257930e-01
-4.0024127960e+00,-1.0260847956e-01
2.6876610518e-01,4.2667870522e+00
-5.2022016607e-03,-4.1774573326e+00
2.7052087784e+00,2.7267198563e+00
-5.6808942556e-01,3.7587757111e+00
-2.6302671432e-01,3.9013068676e+00
-2.9119846821e+00,3.1663599014e+00
4.2780647278e+00,-8.1174977124e-02
3.5225448608e+00,-2.6270625591e+00
4.2707200050e+00,3.3596821129e-02
-2.8150913715e+00,2.7363753319e+00
3.3163251877e+00,2.7054281235e+00
-5.1531392336e-01,3.6948876381e+00
3.0020170212e+00,2.6413607597e+00
1.1097835749e-01,-4.2530913353e+00
-2.2492904663e+00,2.9726028442e+00
-4.4084019959e-02,4.1494374275e+00
-2.0022921264e-01,3.9674284458e+00
-2.7454006672e+00,2.4959294796e+00
2.6814272404e+00,3.1835079193e+00
-2.9015650749e+00,-2.8353104591e+00
3.0357673168e+00,-2.9622008801e+00
-1.5980108082e-01,4.3302893639e+00
3.0188155174e+00,-3.0864338875e+00
1.1809808202e-02,3.9698815346e+00
-2.2302625179e+00,2.1977052689e+00
3.5515266657e-01,-3.6928596497e+00
-1.0280335695e-01,3.9633049965e+00
4.0540285110e+00,-4.5746725798e-01
-2.5412948132e+00,-2.9268789291e+00
2.5993299484e-01,4.0666685104e+00
2.1177279949e-01,-4.2433223724e+00
-3.2189223766e+00,3.0485401154e+00
-2.2416975498e+00,2.8387606144e+00
1.7696166039e-01,4.1050257683e+00
-2.8909075260e+00,2.9136803150e+00
3.9703002572e-01,-3.4190711975e+00
3.6853048801e+00,-3.9982985705e-02
-2.7488973141e+00,-3.0239014626e+00
2.6790323853e-01,-4.2361993790e+00
-7.2090178728e-01,-3.9446637630e+00
-3.7773382664e+00,-5.4878115654e-02
-3.3327836990e+00,2.6676070690e+00
-2.5462393761e+00,3.1435277462e+00
4.2058386803e+00,-2.2487485409e-01
7.9120822251e-02,4.3366584778e+00
1.7570364475e-01,-4.3105301857e+00
-4.2929344177e+00,-3.3413518220e-02
5.0369131565e-01,-3.6506502628e+00
3.2614618540e-01,4.1795182228e+00
2.5745878220e+00,2.3572859764e+00
-1.8939767778e-01,3.8286411762e+00
-2.8111498356e+00,-2.6674916744e+00
-3.9436700344e+00,8.9059129357e-02
4.0211706161e+00,-1.3920879364e-01
-2.9145200253e+00,-2.8806562424e+00
5.3465187550e-01,-3.7509348392e+00
-2.8728795052e+00,-2.7779705524e+00
-2.5860526562e+00,2.6789655685e+00
3.6646928787e+00,3.7237268686e-01
-3.0530915260e+00,-2.8867967129e+00
4.2707085609e-01,3.9286115170e+00
2.6628563404e+00,-2.6905417442e+00
2.5059046745e+00,2.2193474770e+00
3.1110999584e+00,2.8725297451e+00
2.7021107674e+00,-2.4035301208e+00
3.3160810471e+00,3.0708224773e+00
2.5724887848e+00,3.1119070053e+00
1.1293590069e-01,3.8785970211e+00
4.3585391045e+00,-5.8045025915e-02
-8.3900377154e-02,-3.6252672672e+00
-2.6554043293e+00,-2.6764214039e+00
2.6868717670e+00,3.0751912594e+00
3.5792295933e+00,-2.9505646229e-01
-4.1639466286e+00,-9.9029488862e-02
-1.7588841915e-01,-3.9934864044e+00
3.5938634872e+00,2.7558593750e+00
3.6626350880e+00,1.5489493310e-01
-4.1784305573e+00,1.3751098514e-01
-3.2064456940e+00,-3.2296698093e+00
1.4594902098e-01,-4.0775723457e+00
-2.2202853858e-01,4.1365814209e+00
2.1308939159e-01,-4.3025937080e+00
-3.1895055771e+00,2.7239568233e+00
4.3220233917e+00,5.1646018028e-01
-1.2148076296e-01,3.4671421051e+00
3.1176509857e+00,2.8630805016e+00
3.9886023998e+00,-2.5209242105e-01
-2.6965565681e+00,3.3204097748e+00
4.4705634117e+00,-4.3681910634e-01
-8.3325840533e-02,4.5294771194e+00
-4.0735206604e+00,1.9149955362e-02
-2.4666242599e+00,3.3593051434e+00
2.0832847059e-01,4.2160716057e+00
2.2517311573e-01,-3.2093997002e+00
4.3640937805e+00,5.8285571635e-02
-2.7667114735e+00,-3.1131546497e+00
-3.2692825794e+00,3.2447350025e+00
-4.8500773311e-01,3.8660562038e+00
-4.1344933510e+00,-1.2716560066e-01
-3.1136558056e+00,-2.7186083794e+00
1.0507482290e+00,-4.0508522987e+00
-2.7517173290e+00,-2.5054612160e+00
-3.0552179813e+00,-2.3147702217e+00
4.1788945198e+00,-3.0748599768e-01
4.3651542664e+00,-2.5609111786e-01
-2.3925837874e-01,3.8034107685e+00
2.1815021038e+00,-3.1903741360e+00
3.2346779108e-01,3.6082258224e+00
-2.6124274731e-01,-4.2150692940e+00
-2.7163500786e+00,3.2348902225e+00
-3.9417364597e+00,-4.2209595442e-01
-2.9819297791e+00,2.9205079079e+00
4.2487187386e+00,6.8032294512e-01
5.6881338358e-01,-4.2106189728e+00
-3.8963339329e+00,1.5538731217e-01
2.9470019341e+00,3.1710338593e+00
3.6949567795e+00,-2.6455295086e-01
2.9758737087e+00,-2.7603766918e+00
2.9105308056e+00,2.8161482811e+00
2.8357708454e-01,4.6827435493e+00
2.7263267040e+00,2.7411012650e+00
-3.6148116589e+00,4.0648821741e-02
3.8177425861e+00,-3.9352220297e-01
-3.1897602081e+00,-2.5030422211e+00
-3.0062365532e+00,2.5111601353e+00
-4.0918068886e+00,1.1405486614e-01
3.2244901657e+00,-2.8352515697e+00
4.2655396461e+00,2.6055359840e-01
-3.2538175583e+00,-2.8409671783e+00
3.7197157741e-01,4.6644492149e+00
2.5169575214e+00,-2.7115466595e+00
2.7478873730e+00,-3.2061929703e+00
4.5253887177e+00,-5.8612752706e-02
-3.6684195995e+00,-1.3559333980e-01
-2.8532502651e+00,3.2396910191e+00
-3.2540891171e+00,2.6144232750e+00
-4.2629694939e+00,-6.2464499474e-01
1.8639464676e-01,-3.6970896721e+00
4.1034350395e+00,7.0763134956e-01
3.3746123314e+00,3.8541507721e-01
-2.8522131443e+00,2.9539036751e+00
2.4566330910e+00,-2.1350898743e+00
1.1111169308e-01,-3.8665280342e+00
-1.7072881758e-01,-4.4865908623e+00
4.3854427338e+00,1.3050629199e-01
4.9377793074e-01,3.7339410782e+00
3.9919695854e+00,-2.9785633087e-01
2.4750576019e+00,-2.3713119030e+00
2.5962591171e+00,2.4066920280e+00
-3.7572414875e+00,2.4485366046e-01
-1.1692494899e-01,3.6685194969e+00
-3.6163570881e+00,2.4620869756e-01
2.5344769955e+00,-2.4832203388e+00
-3.0891158581e+00,2.5422224998e+00
3.2219848633e+00,2.7781374454e+00
2.0758955181e-01,-3.8260698318e+00
5.1911246777e-01,-3.9879393578e+00
3.9831724167e+00,4.6874189377e-01
4.3533310890e+00,1.3323728740e-01
-9.1832019389e-02,4.0688362122e+00
2.2990036756e-02,4.2086915970e+00
4.0182828903e-01,-3.8474094868e+00
4.0165486932e-01,-4.0063114166e+00
-1.7375126481e-01,4.0599126816e+00
2.7474811077e+00,-2.6127130985e+00
-2.5859189034e+00,2.9995636940e+00
-2.1353862286e+00,-3.1698975563e+00
4.9497416615e-01,-3.7500052452e+00
-2.6885082722e+00,2.6895704269e+00
3.9846065044e+00,-1.7287674546e-01
1.1148149520e-01,-4.8904047012e+00
-3.1043527126e+00,2.9493722916e+00
-4.3925962448e+00,-3.5137560219e-02
-3.6221537590e+00,-2.3039168119e-01
-4.0795373917e+00,-2.7574893832e-01
1.1908603832e-02,-3.8524651527e+00
3.3100240231e+00,3.0228784084e+00
2.8940858841e+00,2.6433846951e+00
-4.2444701195e+00,-4.1477400064e-01
-3.1337618828e+00,2.2630944252e+00
1.3276530802e-01,-3.7482967377e+00
4.1297159195e+00,-2.0895828307e-01
-3.1760635376e+00,2.1724107265e+00
3.8973407745e+00,-2.1987628937e-01
3.0255892277e+00,-3.2418577671e+00
3.0326135159e+00,2.4487121105e+00
-2.0623876154e-01,3.7221372128e+00
-3.8507308960e+00,-1.3488669693e-01
3.9723374844e+00,1.5205207467e-01
-2.8410162926e+00,-2.3027613163e+00
2.8324184418e+00,3.2147798538e+00
2.4203209877e+00,-2.9893627167e+00
-3.7022294998e+00,-3.4229546785e-01
2.0134327412e+00,-2.8717942238e+00
-2.9522492886e+00,2.8064672947e+00
-4.1533026695e+00,-8.6220391095e-03
4.1380481720e+00,3.8373905420e-01
1.0417437553e-01,4.0455284119e+00
-3.7587985992e+00,-1.4528228343e-01
-3.8138291836e+00,3.1922664493e-02
5.6364291906e-01,-3.8011391163e+00
-4.0807170868e+00,-8.7109014392e-02
-2.6608114243e+00,2.9246244431e+00
-2.6826539040e+00,2.7403113842e+00
-2.7377600670e+00,2.5540714264e+00
8.5756607354e-02,3.7690489292e+00
-2.3925251961e+00,3.2515652180e+00
4.2573328018e+00,2.5355064869e-01
-3.7884860039e+00,3.0087867379e-01
-6.3653737307e-01,-4.2703156471e+00
3.0780882835e+00,2.1345767975e+00
-3.7559881210e+00,-6.8929150701e-02
-2.5630104542e+00,-2.6355605125e+00
3.0867841244e+00,-2.9247500896e+00
-4.5778331161e-01,-4.2272586823e+00
-2.9315152168e+00,-2.8179545403e+00
4.4904646873e+00,-3.3996361494e-01
-3.1419041157e+00,-2.6998326778e+00
-2.3450064659e+00,-3.7173247337e+00
-3.5817694664e+00,-4.0261946619e-02
-2.5668623447e+00,2.9178102016e+00
4.4083371162e+00,3.2799261808e-01
-1.3152098656e-01,-4.0586028099e+00
2.4170289040e+00,-3.0463483334e+00
2.5268425941e+00,-2.5870513916e+00
2.3854196072e-02,-3.7234358788e+00
-4.6897850037e+00,-1.4617813751e-02
-2.7403001785e+00,2.2776153088e+00
-3.2262802124e-01,-3.8745090961e+00
3.2049059868e+00,2.8110463619e+00
-2.7534484863e+00,2.6650834084e+00
2.7588074207e+00,3.1518051624e+00
-4.0362229347e+00,1.8314516544e-01
2.4719739333e-02,-4.2719945908e+00
-4.3985371590e+00,2.9562196136e-01
3.8521249294e+00,4.0713507682e-02
2.6671879292e+00,-2.1212143898e+00
1.5774102649e-03,-4.3008966446e+00
2.8457469940e+00,-2.6498086452e+00
-2.0360157490e+00,2.8462316990e+00
2.6034401730e-02,-4.2583813667e+00
2.6652150154e+00,-2.9628868103e+00
3.7586061954e+00,5.7652037591e-02
3.1093394756e-01,4.0111260414e+00
-3.8347210884e+00,-6.7036437988e-01
3.3682084084e+00,2.6330840588e+00
4.2034802437e+00,3.0387458205e-01
-2.4124096334e-01,4.1340065002e+00
2.4280443192e+00,-2.1749451160e+00
-2.9781963825e+00,3.0134112835e+00
-4.3176212311e+00,-7.3046094179e-01
3.1383624077e+00,-3.2294683456e+00
-2.3404850960e+00,3.0997931957e+00
-3.2610933781e+00,2.3007812500e+00
2.7404475212e-01,4.5548725128e+00
-3.2311367989e+00,2.7164790630e+00
-2.7366516590e+00,2.9138722420e+00
4.4513931274e+00,-9.2822514474e-02
-5.5588684976e-02,4.3213067055e+00
2.6701488495e+00,-2.4706873894e+00
-8.2248270512e-02,-3.9234859943e+00
3.8788657188e+00,6.9765076041e-02
1.5343177319e-01,4.3075671196e+00
-1.7309075594e-01,-4.3358640671e+00
2.8979241848e+00,2.4119372368e+00
2.4551193714e+00,-2.8667354584e+00
-2.7546982765e+00,2.4766690731e+00
3.7637193203e+00,-1.5806624293e-01
-2.8327383995e+00,2.8325252533e+00
-4.0972628593e+00,3.2367739826e-02
7.5699515641e-02,-3.9188582897e+00
3.7683651447e+00,1.8565425649e-02
3.6233358383e+00,-2.7875273228e+00
-2.6027315762e-03,-4.4648265839e+00
4.0653743744e+00,-5.6880626827e-02
2.9336707592e+00,2.7398145199e+00
3.8736815453e+00,2.0004215837e-01
-2.6242022514e+00,-2.8089807034e+00
9.7806185484e-02,-3.9747097492e+00
-2.6787695885e+00,-2.9168136120e+00
2.7699282169e+00,-3.2077515125e+00
3.7799317837e+00,1.4778353274e-01
2.3273621500e-01,4.0647978783e+00
3.6664626598e+00,3.1063036919e+00
2.7945547104e+00,2.9977107048e+00
2.4469079971e+00,2.7984859943e+00
2.7695810795e+00,2.6272017956e+00
2.6815309525e+00,-2.5606930256e+00
2.6474833488e+00,3.1874318123e+00
-4.3775310516e+00,-5.2290153503e-01
2.6825230122e+00,-3.1160714626e+00
2.5335571766e+00,2.8660414219e+00
-1.4559984207e-01,-4.2082448006e+00
3.0400836468e+00,3.0074808598e+00
3.2664346695e+00,-2.8771898746e+00
-1.0272733867e-01,3.6611096859e+00
5.8367718011e-02,4.0533866882e+00
-3.0375299454e+00,-2.8992118835e+00
2.7535906434e-01,3.6641058922e+00
-2.9531011581e+00,-2.6300187111e+00
-3.0630025864e+00,2.8543143272e+00
2.3668991029e-01,4.4974346161e+00
-7.1350507438e-02,-3.7406733036e+00
-3.8778738976e+00,-1.2982448936e-01
2.9924135208e+00,2.3399364948e+00
-2.9091415405e+00,3.0401523113e+00
2.8660731316e+00,-2.6074295044e+00
-2.9455044270e+00,2.1597509384e+00
-3.9559805393e+00,9.7154475749e-02
2.7014436722e+00,2.4221971035e+00
-3.6312990189e+00,5.2841293812e-01
-4.4969568253e+00,-4.9409511685e-01
2.4881348610e+00,-2.9779703617e+00
-3.9668157101e+00,3.4598881006e-01
2.7052698135e+00,-2.5227587223e+00
2.5060029030e+00,3.0205535889e+00
3.3146071434e+00,1.0016523302e-01
-4.6011738479e-02,4.1230888367e+00
2.5367274284e+00,-2.8629696369e+00
4.8195648938e-02,-3.8074374199e+00
2.0132245123e-01,3.7469887733e+00
2.8070528507e+00,-3.5416312218e+00
1.9595688581e-01,4.4497156143e+00
-2.7262690067e+00,2.6392159462e+00
3.3714218140e+00,3.2310862541e+00
-2.7390320301e+00,2.6866674423e+00
2.4621395767e-01,-3.8884708881e+00
3.1202907562e+00,-3.0245141983e+00
3.8238315582e+00,1.4329811931e-01
-2.4223587513e+00,-2.6155993938e+00
3.0325350761e+00,3.4901845455e+00
-2.7109818459e+00,-3.1367461681e+00
2.6836500168e+00,3.1031599045e+00
-2.5394577980e+00,2.8461399078e+00
2.6190757751e+00,-2.5697405338e+00
-5.4660998285e-02,3.6950826645e+00
-3.0147573948e+00,3.0398480892e+00
4.5146971941e-02,4.2008233070e+00
2.5356462002e+00,-2.5171124935e+00
2.9800772667e+00,2.9694085121e+00
-3.2765452862e+00,-2.8583383560e+00
3.0144476891e+00,-2.8406877518e+00
6.3007245772e-03,3.4920663834e+00
2.6652388573e+00,2.4254367352e+00
-2.5877714157e+00,-2.6624789238e+00
4.3572926521e+00,-1.6076685488e-01
-2.8283278942e+00,-2.9795310497e+00
2.9825887680e+00,-3.5215373039e+00
-2.7199285030e+00,-2.4588360786e+00
-2.4844121933e+00,3.1176040173e+00
-4.3655271530e+00,-7.6823130250e-02
-2.9769382477e+00,2.7704010010e+00
-2.2921565175e-01,4.3901100159e+00
4.4752483368e+00,-2.7697256207e-01
2.8329443932e+00,2.8221387863e+00
3.6682617664e-01,3.9814240932e+00
-4.4127469063e+00,-1.9454585016e-01
4.3986501694e+00,8.1262871623e-02
2.3379528522e+00,3.1850605011e+00
-3.8835372925e+00,4.8964869231e-02
8.5314601660e-02,-3.5851838589e+00
3.8548183441e+00,9.1697156429e-02
3.0371887684e+00,3.0289449692e+00
3.0454142094e+00,-2.9821565151e+00
-2.9314324856e+00,-3.1474628448e+00
3.2848844528e+00,2.5494661331e+00
-2.9010255337e+00,2.3368482590e+00
4.0485435724e-01,-3.6252768040e+00
3.4794559479e+00,-2.2665761411e-02
-3.1848201752e+00,-2.9118971825e+00
-2.4997165203e+00,-2.8204936981e+00
-2.9330837727e+00,2.6533820629e+00
-3.8104517460e+00,-1.3425299525e-01
2.6424961090e+00,3.2206864357e+00
-2.8141067028e+00,-3.0782656670e+00
1.4732760191e-01,-3.5657238960e+00
-3.0574226379e+00,-2.8560583591e+00
3.0370213985e+00,2.4793062210e+00
-3.0855107307e+00,-3.0084421635e+00
-5.8546803892e-02,-4.2874350548e+00
-7.7526992559e-01,-3.8035261631e+00
2.7825367451e+00,-3.3212192059e+00
4.5304913521e+00,-1.4275094867e-01
2.7111170292e+00,-3.2634809017e+00
3.8794491291e+00,2.1374018490e-01
1.3198722154e-02,4.2274727821e+00
-2.9675014019e+00,2.7959995270e+00
-2.4359855056e-01,-3.5791091919e+00
-2.2233672142e+00,-2.4625988007e+00
2.7727398872e+00,-2.9677059650e+00
-3.6684319377e-02,3.9298422337e+00
2.7650389671e+00,2.9998521805e+00
2.8249328136e+00,-2.4246366024e+00
2.3621411324e+00,-1.9301726818e+00
-4.7144287825e-01,3.9677665234e+00
-2.7983031273e+00,-2.8506066799e+00
-2.5218217373e+00,2.7315042019e+00
-2.8461344242e+00,-2.5083928108e+00
-3.1507115811e-02,4.2157745361e+00
1.7796237767e-01,-3.7154088020e+00
-2.6409416199e+00,-2.9349522591e+00
2.4027363956e-01,-3.9466719627e+00
-3.8993127346e+00,6.6435778141e-01
4.1422858238e+00,1.4120790362e-01
-3.6052262783e+00,-3.3233931754e-03
3.5354900360e+00,-1.3999672234e-01
1.2445251644e-01,-3.4513819218e+00
3.2514533997e+00,-2.7129783630e+00
-3.3059954643e+00,-3.5224146843e+00
2.9988193512e+00,3.0765836239e+00
4.2013487816e+00,-3.5579887033e-01
-2.2831387520e+00,-2.8580708504e+00
-4.0488219261e+00,1.5842288733e-01
-2.4249422550e+00,-2.8114278316e+00
-4.7099217772e-02,3.8646273613e+00
-9.0100608766e-02,3.9772274494e+00
-3.3855109215e+00,2.9512910843e+00
2.9014821053e+00,-3.0689475536e+00
3.0382380486e+00,-2.9993724823e+00
-2.8138754368e+00,-2.8738341331e+00
5.7249747217e-02,-4.3340806961e+00
-3.0932090282e+00,-2.7750225067e+00
2.1007220745e+00,-3.1578192711e+00
3.3849960566e-01,-4.1153054237e+00
-1.9861753285e-01,-3.7041630745e+00
-4.2613968849e+00,-1.6120816767e-01
2.9120788574e+00,2.7128934860e+00
2.7660012245e+00,2.9472875595e+00
-1.2193085998e-01,3.6123535633e+00
-3.5957224369e+00,-2.6058116555e-01
3.9471960068e+00,1.3885684311e-01
2.7351932526e+00,2.9344775677e+00
-4.2774572372e+00,-1.4231379330e-01
2.0462708175e-01,-4.3170800209e+00
2.9900407791e+00,-2.6630053520e+00
2.7238962650e+00,2.4301803112e+00
4.1400367022e-01,-4.1418118477e+00
-5.9198435396e-02,-4.4103889465e+00
-1.9526711106e-01,3.6003174782e+00
-2.8796226978e+00,2.8097767830e+00
-2.6549408436e+00,3.7614130974e+00
2.8522329330e+00,-3.1861572266e+00
-3.7472851276e+00,2.0685693249e-02
-2.7545564175e+00,-3.2445816994e+00
-3.6947983503e-01,-4.6462020874e+00
-4.3579792976e+00,3.3823925257e-01
2.3412697315e+00,3.1130652428e+00
-2.6615018845e+00,2.9502098560e+00
-3.2790012360e+00,-2.9458107948e+00
-3.7438888550e+00,-5.7513944805e-02
-1.7881818116e-01,4.3388271332e+00
-3.4889492989e+00,-6.6389188170e-02
-2.4575431347e+00,-3.4932630062e+00
2.7383449078e+00,-2.8206546307e+00
-4.3296175003e+00,-2.3282006383e-02
3.1095283031e+00,-2.9305832386e+00
3.1485841274e+00,2.7451932430e+00
4.1871428490e+00,-3.8854649663e-01
4.2588248253e+00,-1.0176307708e-01
-3.5910022259e+00,2.4707024917e-02
-3.7217171192e+00,-1.3535447419e-02
-2.7953371406e-01,-4.2306461334e+00
3.9850735664e-01,3.8302502632e+00
-3.8495995998e+00,4.0050230920e-02
-3.2050654888e+00,2.8570683002e+00
3.1498211622e-01,3.7345204353e+00
3.3060555458e+00,-2.6014604568e+00
2.7317357063e-01,-3.6624858379e+00
-4.2020499706e-01,-3.8658180237e+00
-2.8933346272e+00,2.5621986389e+00
-3.4706652164e+00,-2.7463967800e+00
-6.8560451269e-02,-3.5868430138e+00
-3.6992897987e+00,-1.6964006424e-01
-4.2973904610e+00,2.5530739222e-03
-2.9054572582e+00,-2.3267550468e+00
3.0812153816e+00,2.6025555134e+00
-2.8784990311e+00,-2.9165534973e+00
-2.8520920277e+00,3.0353221893e+00
2.8709595203e+00,3.1716034412e+00
-2.3230175972e+00,-2.7069425583e+00
3.9241967201e+00,2.7491044998e-01
2.9712307453e+00,-3.1534609795e+00
-1.4315719903e-01,3.8875544071e+00
2.7117505074e+00,2.1698782444e+00
-2.5606077909e-01,-3.7744929790e+00
1.3310208917e-01,3.7532045841e+00
-3.8646609783e+00,-3.9671877027e-01
-2.3411164284e+00,-2.8346605301e+00
2.6787071228e+00,-2.9256544113e+00
1.9295652211e-01,-3.8346679211e+00
4.3981866837e+00,2.3575281724e-02
-3.3814797401e+00,2.5683708191e+00
-7.4709929526e-02,4.5335144997e+00
2.7370352745e+00,-2.9932959080e+00
-3.1716899872e+00,4.9487522244e-01
-2.7964205742e+00,-2.6826207638e+00
2.6400682926e+00,2.5547137260e+00
3.7860343456e+00,-5.1218032837e-01
-1.6984194517e-01,4.5187535286e+00
3.7595112324e+00,8.7421886623e-02
3.0144006014e-01,4.5028958321e+00
-2.5623958111e+00,2.6867837906e+00
-3.2648974657e-01,-3.9931883812e+00
-2.9532580376e+00,-2.9831652641e+00
-2.6232630014e-01,-3.3749470711e+00
-2.5837717056e+00,2.5961904526e+00
-3.1405084133e+00,2.8525605202e+00
-3.8568329811e-01,-4.0391092300e+00
-2.7258002758e-01,-4.1337594986e+00
-2.9574515820e+00,-2.9540352821e+00
-4.1242532730e+00,-2.9276249930e-02
3.1039960384e+00,-3.1792654991e+00
2.8725260496e-01,-4.1014318466e+00
3.2629308701e+00,2.7320187092e+00
2.3724074364e+00,-3.2282242775e+00
2.6992845535e+00,3.3820812702e+00
-1.6015528142e-01,-4.2577209473e+00
1.1581636965e-01,-4.0832448006e+00
-6.3072419167e-01,3.4424724579e+00
-3.8331499100e+00,4.5793119073e-01
-4.1750097275e+00,1.8205705285e-01
3.5597469807e+00,2.8030982614e-01
2.7614443302e+00,2.8473830223e+00
-3.1150994301e+00,-3.0533137321e+00
4.2019419670e+00,-5.4101938009e-01
-2.6673033237e+00,-2.4207959175e+00
2.6109669209e+00,-2.9280414581e+00
-3.1969311237e+00,-3.0572676659e+00
2.5516152382e+00,-2.3959970474e+00
1.1679742485e-01,3.9778387547e+00
1.8625558913e-01,-3.4483180046e+00
-3.8328540325e+00,-7.9648680985e-02
2.9595422745e+00,3.1345536709e+00
-2.7584018707e+00,-2.5598275661e+00
2.7157938480e+00,-3.3819775581e+00
2.4586598873e+00,-2.4796648026e+00
3.7121012211e+00,2.9811099172e-01
-5.2352225780e-01,3.6511754990e+00
-4.0312471390e+00,2.6812192798e-01
4.2296538353e+00,-5.8406121098e-03
-2.9987382889e+00,-2.8976316452e+00
2.8534133434e+00,2.3840684891e+00
-3.2276606560e+00,-2.8583450317e+00
-4.0869402885e+00,-1.4012463391e-01
3.8511851430e-01,-3.6771125793e+00
-3.6602241993e+00,4.3360623717e-01
-2.6827521324e+00,-3.2805824280e+00
2.8099541664e+00,-3.3384809494e+00
-1.5558902919e-01,3.4459042549e+00
2.5153372288e+00,-3.2787744999e+00
-2.8951394558e+00,-3.0905249119e+00
-2.5903503895e+00,3.3944001198e+00
-3.8665513992e+00,-2.0669604838e-01
1.6511173546e-01,3.9714674950e+00
3.1197466850e+00,-2.6284961700e+00
-3.2451670170e+00,3.2858533859e+00
9.1486282647e-02,4.6866087914e+00
-2.6667032242e+00,3.0536701679e+00
4.0065536499e+00,3.4684908390e-01
-4.9943962693e-01,4.3019676208e+00
-4.0502686054e-02,4.5024328232e+00
2.7835252285e+00,-2.3784618378e+00
-3.1107366085e-01,4.1960468292e+00
-2.6884498596e+00,3.2979731560e+00
-2.7470827103e+00,3.1386506557e+00
3.4698538780e+00,2.5134158134e+00
-2.5324389935e+00,2.7747333050e+00
-1.9166444242e-01,-4.2737045288e+00
3.2122478485e+00,-2.8786032200e+00
-3.0283880234e+00,-2.9573185444e+00
2.7849733829e+00,-2.7870998383e+00
-3.6132872105e+00,-1.8315468729e-01
4.1106629372e+00,-1.6648468375e-01
-4.3607878685e+00,9.1019142419e-03
3.0523805618e+00,-2.7615513802e+00
2.9562153816e+00,3.1089658737e+00
2.8697841167e+00,-3.1479024887e+00
2.5516045094e+00,3.1075694561e+00
-2.8865866661e+00,-3.4107973576e+00
4.1403632164e+00,3.3903834224e-01
-4.2501602173e+00,-2.2975438833e-01
3.9047110081e+00,1.4420025051e-01
5.5912315845e-01,3.5559592247e+00
2.7314455509e+00,2.9163331985e+00
-3.7844353914e-01,-4.4719471931e+00
-3.0956707001e+00,-2.9818494320e+00
-2.8721723557e+00,3.4160237312e+00
-4.3460309505e-01,4.5936994553e+00
-2.7356996536e+00,2.9688289165e+00
-4.1607505083e-01,-4.4097003937e+00
3.0236082077e+00,-3.3788874149e+00
7.4955272675e-01,3.8767409325e+00
-2.8389241695e+00,2.8160674572e+00
3.3719129562e+00,2.9549875855e-01
-2.6115474701e+00,3.3839657307e+00
-2.5957057476e+00,-3.1793253422e+00
1.4145177603e-01,-4.1505994797e+00
-2.8705143929e+00,2.5911774635e+00
-3.8109474182e+00,-4.8128783703e-01
-4.0267410278e+00,-3.2011300325e-02
-2.4275233746e+00,-2.7822046280e+00
-3.0662930012e+00,2.9521639347e+00
-2.4601244926e-01,-4.1176509857e+00
2.9108304977e+00,-2.6260666847e+00
2.8365485668e+00,-3.1875250340e+00
3.1290571690e+00,-2.6857945919e+00
4.2874357104e-01,3.6477942467e+00
4.0626945496e+00,-3.2842016220e-01
-3.1284408569e+00,-2.7139108181e+00
-5.4174751043e-01,-3.9801285267e+00
-3.0356934071e+00,2.9828879833e+00
3.8901019096e-01,-3.9469857216e+00
-2.6609783173e+00,2.8312900066e+00
9.7269579768e-02,3.4635014534e+00
2.6614701748e+00,-2.6633419991e+00
2.9131493568e+00,-2.7767863274e+00
-3.7605796009e-02,-4.5941023827e+00
4.2611846924e+00,7.5690871477e-01
2.1006876230e-01,3.7499115467e+00
4.0587601662e+00,-4.9022594094e-01
8.6736651137e-03,-4.5219297409e+00
-2.5206305981e+00,-2.9350726604e+00
-2.9378349781e+00,-2.7416119576e+00
-4.2234401703e+00,4.2808544636e-01
3.7231936455e+00,2.9320922494e-01
-2.5490763187e+00,-2.7070152760e+00
3.0935416222e+00,-3.1869440079e+00
-4.4963321686e+00,3.7361356616e-01
4.0860304832e+00,1.8762461841e-02
-2.5708427429e+00,-2.9104003906e+00
-2.9137773514e+00,2.3955810070e+00
1.5920946002e-01,-4.3161668777e+00
3.6121945381e+00,-2.0474420488e-01
3.0294690132e+00,2.5308818817e+00
3.9548387527e+00,-9.6222618595e-03
3.1267092228e+00,3.0268185139e+00
-3.3995032310e+00,3.0915758610e+00
-2.6206104755e+00,-3.1734437943e+00
2.9379539490e+00,-3.0631139278e+00
-3.9963748455e+00,1.8241845071e-01
3.7675777078e-01,3.6406376362e+00
-2.7918710709e+00,-2.5397524834e+00
4.3678638339e-01,-3.7417802811e+00
3.1576251984e-01,3.9531087875e+00
-2.7240586281e+00,3.3082637787e+00
-4.5610934496e-01,-4.2924036980e+00
4.3775405884e+00,-2.8426325321e-01
3.8050310612e+00,-1.1586460471e-01
-2.3621625900e+00,-2.8300447464e+00
1.6079539433e-02,-4.1687183380e+00
-2.4604029655e+00,-2.7967066765e+00
1.3087743521e-01,3.5890901089e+00
-3.1162381172e+00,-2.6055765152e+00
-2.5008854866e+00,2.6829011440e+00
2.6946885586e+00,-2.9017252922e+00
3.0911448002e+00,3.0925498009e+00
-2.8305978775e+00,-2.8804559708e+00
-3.7877645493e+00,1.6233585775e-01
-1.2054749578e-01,3.6881873608e+00
2.5233113766e-01,-3.7062599659e+00
2.5108017921e+00,3.5205421448e+00
3.6148653030e+00,1.3778696954e-01
3.2135007381e+00,-2.6646678448e+00
2.7205717564e+00,-2.4738869667e+00
6.4917266369e-01,-4.1589713097e+00
-2.6716871262e+00,2.4875645638e+00
3.0016491413e+00,-3.0892245770e+00
3.6942963600e+00,-3.9682814479e-01
-2.4840776920e+00,2.5708487034e+00
3.9176433086e+00,-1.6830116510e-01
-5.3909838200e-01,-3.7847411633e+00
1.9477598369e-01,4.1489090919e+00
3.8542602062e+00,1.1143795401e-01
2.9065818787e+00,2.6367633343e+00
2.7716293335e+00,-2.7754354477e+00
6.7848372459e-01,-3.6609582901e+00
2.7127638459e-01,-3.9801313877e+00
-2.9402298927e+00,-3.3450593948e+00
-2.4135126173e-01,-4.4537405968e+00
4.4565386772e+00,-1.8685740232e-01
3.2119460106e+00,-2.7635707855e+00
-4.1362605095e+00,-3.8035921752e-02
-2.9820587635e+00,-2.6935796738e+00
7.4289672077e-02,-3.6873772144e+00
-2.4332945347e+00,2.8520679474e+00
3.0403180122e+00,3.3046400547e-01
2.8271412849e+00,2.8398642540e+00
3.6381523609e+00,-3.0089585111e-02
3.1435904503e+00,-2.7431426048e+00
3.3106155396e+00,2.5079140663e+00
-4.6549215317e+00,9.9892728031e-02
-3.3838956356e+00,2.4955677986e+00
3.8563718796e+00,5.0179982185e-01
2.5747678280e+00,2.9326922894e+00
-4.3447089195e+00,-5.3556472063e-01
4.1253347397e+00,-1.0590828955e-01
2.7486045361e+00,2.2915644646e+00
1.9974507391e-01,3.4917337894e+00
-3.1663436890e+00,-2.6737997532e+00
2.5778989792e+00,-2.8095321655e+00
3.0762548447e+00,-3.3164570332e+00
-8.9063130319e-02,4.3156933784e+00
3.3200496435e-01,-4.3247370720e+00
-2.4399034977e+00,2.5736277103e+00
-4.0317783356e+00,3.0368489027e-01
3.0800819397e+00,2.9620978832e+00
2.9526579380e+00,2.5684368610e+00
-2.8079352379e+00,3.6002185345e+00
-3.0478589535e+00,-2.4598832130e+00
-2.5038811564e-01,-4.9428224564e+00
-4.3341116905e+00,1.4224316180e-01
3.7921495438e+00,9.0417742729e-02
4.6431746483e+00,6.6320821643e-02
-4.3297224045e+00,1.3006816804e-01
-3.6576132774e+00,5.5482918024e-01
4.6344649047e-02,3.8370518684e+00
-3.7815923691e+00,-2.6542231441e-01
-2.4560613930e-01,4.1366372108e+00
-3.1350119114e+00,-2.9138915539e+00
2.7520554066e+00,2.9733555317e+00
2.6642549038e+00,-2.2898709774e+00
-3.9657485485e-01,3.7538194656e+00
-2.3667213917e+00,2.9573905468e+00
2.8375110626e+00,3.3558840752e+00
2.9734385014e+00,2.8539385796e+00
2.0245595276e-01,3.6382715702e+00
2.6193811893e+00,2.6418190002e+00
3.1324565411e+00,-3.4721102715e+00
-4.3331398964e+00,-1.5710745007e-02
-4.2687959671e+00,2.1432840824e-01
-4.3187189102e+00,-3.7867035717e-02
1.0646952316e-02,4.0224080086e+00
2.6668486595e+00,2.8885469437e+00
1.9078828394e-01,4.2180013657e+00
-2.8829002380e+00,3.6385138035e+00
-3.8289632797e+00,-3.0097118020e-01
2.3186621666e+00,1.9344189167e+00
-3.3834586143e+00,-3.0293912888e+00
4.2885549366e-02,-3.9951183796e+00
2.6936457157e+00,2.9934852123e+00
-3.7975659370e+00,3.0478924513e-01
4.0760326385e+00,2.0881994069e-01
4.4589023590e+00,-1.5006217360e-01
3.2741367817e+00,-3.1156468391e+00
-2.8928430080e+00,2.7538378239e+00
2.9446113110e+00,2.8554806709e+00
2.0263580978e-01,-3.7727785110e+00
2.7394130230e+00,3.1445696354e+00
2.5552768707e+00,-3.0524535179e+00
2.7614617348e+00,-2.1420989037e+00
1.3387061656e-01,4.1901097298e+00
3.1912410259e-01,4.1519565582e+00
2.8888938427e+00,3.2588675022e+00
4.9990292639e-02,4.0163087845e+00
-1.6672910750e-01,4.2061510086e+00
4.4570016861e+00,-1.6423779726e-01
2.6410412043e-02,4.1316456795e+00
2.0854406059e-01,-4.1220865250e+00
2.2878108025e+00,2.6821846962e+00
-2.2240548134e+00,-3.2929291725e+00
2.6054959297e+00,2.8348326683e+00
3.9835575968e-02,-4.5880475044e+00
-2.5527245998e+00,2.4147033691e+00
2.6871671677e+00,2.9652714729e+00
-3.3131928444e+00,3.1340026855e+00
3.0443210602e+00,2.5122129917e-01
3.3425714970e+00,-2.7721593380e+00
1.5144805610e-01,4.1589360237e+00
3.0288965702e+00,-3.0280754566e+00
-6.7177683115e-02,4.5683307648e+00
-2.8952121735e+00,2.5439848900e+00
-3.0123090744e+00,2.9390325546e+00
2.5456576347e+00,-2.8008837700e+00
3.2928090543e-02,4.2165131569e+00
-3.0833282471e+00,-3.0808868408e+00
3.0573444366e+00,-2.6397697926e+00
-1.4081531204e-02,4.6438903809e+00
-2.8298530579e+00,2.8762702942e+00
-2.9820301533e+00,-3.0756540298e+00
3.0575559139e+00,-2.8958632946e+00
-5.2809976041e-02,4.0753116608e+00
2.7424427867e-01,-3.6100354195e+00
1.8671125174e-01,-4.2794904709e+00
-2.4695913792e+00,2.8681714535e+00
3.8645360470e+00,4.2366093397e-01
3.1989562511e+00,-3.0768778324e+00
4.2452049255e+00,-2.6508107781e-01
3.5448310375e+00,-2.2765885293e-01
4.0170593262e+00,1.5037897229e-01
3.9948599339e+00,1.1594137549e-01
2.7891356945e+00,3.0672683716e+00
2.4345853925e-01,4.1398530006e+00
-2.6759951115e+00,-2.6308972836e+00
2.9188458920e+00,2.2581980228e+00
-4.3514065742e+00,4.1929952800e-02
2.5791409016e+00,2.3487472534e+00
-4.2007498741e+00,-5.0402837992e-01
-3.2491676807e+00,-2.6273689270e+00
-2.8454186916e+00,-2.4507956505e+00
4.1447916031e+00,-6.3551020622e-01
-2.6036977768e-01,-4.1389513016e+00
2.0282422006e-01,-4.2570691109e+00
-4.2766833305e+00,-9.7803808749e-02
-2.8648023605e+00,-2.8029460907e+00
3.2053146362e+00,-2.5881767273e+00
2.6298410892e+00,-3.0966079235e+00
1.3453346491e-01,-3.4798436165e+00
3.3126702309e+00,-2.7399072647e+00
-3.4118881226e+00,1.0153848678e-01
-3.7524638176e+00,2.0055454969e-01
-5.0679165125e-01,4.1127204895e+00
4.1106023788e+00,-2.0731458068e-01
-3.0413408279e+00,-3.3440940380e+00
3.0140098929e-01,-4.2669391632e+00
2.9595556259e+00,-2.8958323002e+00
-3.0186712742e-02,-4.3921980858e+00
-3.3685619831e+00,-2.8392038345e+00
-4.4205307961e-02,4.3131947517e+00
-1.3178218901e-01,3.7444097996e+00
-2.6756596565e+00,2.7956700325e+00
-3.1950497627e+00,-2.8511564732e+00
-2.8292851448e+00,2.2036852837e+00
-2.5015230179e+00,-2.7248752117e+00
-2.8081345558e+00,-2.8397848606e+00
-3.8541741371e+00,2.3201026022e-01
-4.0938416496e-03,-3.8969900608e+00
-2.6053774357e+00,2.7521541119e+00
4.0117893219e+00,4.1779020429e-01
-3.0249783993e+00,-2.9349279404e+00
-3.9966435432e+00,3.7348374724e-01
2.9302673340e+00,2.8205029964e+00
-3.0569002628e+00,2.9872472286e+00
-2.7605080605e+00,2.6959178448e+00
3.7634108067e+00,1.2909580767e-01
-2.4172506332e+00,-2.6741364002e+00
-3.3724966049e+00,-2.8818175793e+00
-4.1644334793e+00,-1.0810676962e-01
-2.5590915680e+00,3.0776650906e+00
-7.2980627418e-02,4.2001624107e+00
6.5558433533e-02,-4.4960680008e+00
3.3608949184e+00,2.8757452965e+00
3.1011891365e+00,-2.3112683296e+00
2.4231073856e+00,2.4005496502e+00
-4.1849741936e+00,3.6319041252e-01
-3.0387403965e+00,-2.7723426819e+00
-3.2849500179e+00,-2.5657446384e+00
-4.4502019882e+00,-1.3716781139e-01
3.3812103271e+00,-3.0987205505e+00
-2.6083486080e+00,-2.8325085640e+00
3.3271920681e+00,2.7123904228e+00
-3.0031037331e+00,-3.3189659119e+00
-1.5974529088e-01,4.3460221291e+00
4.0120077133e+00,2.1328395605e-01
3.1431870461e+00,3.1900844574e+00
-1.6395390034e-01,4.1564202309e+00
-2.9613251686e+00,-2.5107526779e+00
-3.8950826973e-02,3.8104908466e+00
-2.7989702225e+00,3.3267526627e+00
2.7804434299e+00,-3.0408871174e+00
-3.2135441303e+00,-2.4566223621e+00
3.2639219761e+00,3.3576939106e+00
-4.8149909973e+00,-1.5935799479e-01
2.9146766663e+00,2.5328724384e+00
-2.6213991642e+00,3.3876802921e+00
-3.8120341301e+00,-2.2829775512e-01
-3.9739794731e+00,-1.2993060984e-02
3.8739495277e+00,-2.0307095349e-01
-2.7740638256e+00,2.7210881710e+00
-1.7796734348e-02,4.2091069221e+00
3.6715936661e+00,1.6438828409e-01
2.7311458588e+00,-3.0938668251e+00
5.0950849056e-01,4.2992677689e+00
3.1738715172e+00,-3.3339819908e+00
-5.6742951274e-02,-3.9907350540e+00
1.6929052770e-01,3.9179713726e+00
4.1318721771e+00,3.0673751235e-01
-4.3426408768e+00,-3.2060998678e-01
2.3874837160e-01,4.2219371796e+00
3.8629531860e+00,-6.1469203234e-01
-2.8591964245e+00,-2.5417551994e+00
-3.9076343179e-01,4.5987887383e+00
-1.8672488630e-02,3.9695386887e+00
-3.2406337261e+00,-2.5387272835e+00
3.4262905121e+00,-3.3881735802e-01
-2.9119771719e-01,-3.9169683456e+00
-2.5206725597e+00,-2.8246467113e+00
-3.0490276814e+00,-3.3892357349e+00
3.8570895195e+00,-4.8548111320e-01
-2.9393422604e+00,-2.6361818314e+00
3.9101154804e+00,-2.2425875068e-01
-3.0259182453e+00,-2.6172096729e+00
-7.2420889139e-01,4.0478844643e+00
-3.7002697587e-01,-4.3065371513e+00
1.0705047846e-01,-3.9229578972e+00
-2.6532292366e+00,-3.0095958710e+00
2.1824005246e-01,-4.0160889626e+00
2.7645006180e+00,3.1543035507e+00
2.7217140198e+00,2.9171352386e+00
-2.3155185580e-01,3.7320556641e+00
5.5542275310e-02,4.0919461250e+00
-7.7570617199e-02,4.4541797638e+00
2.9452259541e+00,2.7831771374e+00
3.0396156311e+00,2.3968610764e+00
-2.5437767506e+00,2.8991763592e+00
-4.3370113373e+00,-3.4497255087e-01
6.6752731800e-01,4.2469892502e+00
-2.7233743668e-01,-3.6094219685e+00
-4.0755395889e+00,2.4751010537e-01
-4.3579292297e+00,2.0220479369e-01
-3.0775091052e-01,-4.2046241760e+00
2.8501441479e+00,-2.5249152184e+00
3.2536391169e-02,3.9067735672e+00
4.1034097672e+00,2.9094776511e-01
2.9294402599e+00,2.6123681068e+00
-4.0715284348e+00,2.2514899075e-01
3.4465694427e+00,-5.2582200617e-02
-1.6946765780e-01,-4.4955720901e+00
-1.0458783060e-01,-4.3111586571e+00
2.3901339620e-02,-3.9687972069e+00
-2.7435312271e+00,3.1383183002e+00
2.8901293874e-01,3.8334047794e+00
-4.2769899368e+00,-5.2747851610e-01
-2.7119117975e-01,-3.8295543194e+00
-3.6059472561e+00,-1.9652864337e-01
-2.6842479706e+00,2.4682810307e+00
4.5268185437e-02,-4.0203208923e+00
-2.5204875469e+00,2.9838135242e+00
-2.7975559235e+00,-2.3471982479e+00
1.2131523341e-01,-4.4047307968e+00
-3.1277856231e-01,-3.9749908447e+00
-2.7988678217e-01,3.9482963085e+00
-4.2065167427e-01,-3.9998085499e+00
3.2908368111e+00,2.8243923187e+00
4.3196624517e-01,-3.6049971581e+00
-2.9944236279e+00,2.6651310921e+00
2.4401669502e+00,2.5661852360e+00
3.1113431454e+00,2.9982717037e+00
-2.8387279510e+00,3.3117070198e+00
-3.1340820789e+00,2.4680964947e+00
-2.3594322205e+00,2.6724858284e+00
2.2583086789e-01,-4.1013789177e+00
-2.2784392834e+00,-2.8356490135e+00
-3.9026486874e+00,5.2463364601e-01
-2.8728380799e-01,-4.5975894928e+00
2.8254652023e+00,2.7554569244e+00
3.6834913492e-01,-4.1416301727e+00
-2.5629098415e+00,2.9414119720e+00
2.5925720111e-02,4.3009724617e+00
3.1016190052e+00,2.9172220230e+00
3.2073016167e+00,-2.4503502846e+00
-3.6254727840e+00,-2.6302332878e+00
2.9235103130e+00,-2.9157488346e+00
-2.6892344952e+00,-2.3065850735e+00
6.8292967975e-02,-4.0560441017e+00
-5.0237607211e-02,4.4716448784e+00
-3.0119123459e+00,-3.3298869133e+00
-2.3348853588e+00,3.1913135052e+00
6.6049784422e-02,-3.6701993942e+00
3.9928288460e+00,2.9873412848e-01
3.1874091625e+00,-3.2795951366e+00
-3.9042727947e+00,4.1807907820e-01
-4.0063142776e+00,-6.7900431156e-01
-2.5120606422e+00,-2.3736658096e+00
3.9729294777e+00,-3.0304753780e-01
-3.1672358513e-01,4.1490030289e+00
4.2041358948e+00,-5.6082747877e-02
-4.0685272217e+00,-2.2480739281e-02
-3.8316900730e+00,-7.8410738707e-01
3.1308507919e+00,2.7705097198e+00
3.8517060280e+00,1.1751344055e-01
2.8762407303e+00,-2.9039862156e+00
2.3838191032e+00,-2.7911028862e+00
-2.9560496807e+00,-2.9408462048e+00
3.0796411037e+00,2.7775347233e+00
2.8580415249e+00,-3.0400302410e+00
-2.6365528107e+00,-2.8392093182e+00
-2.8137161732e+00,2.9295485020e+00
2.9189403057e+00,3.1261482239e+00
-3.2676308155e+00,2.4742357731e+00
3.0642621517e+00,-3.4220504761e+00
-2.7430313826e-01,4.0440149307e+00
-3.1543269157e+00,2.2710113525e+00
-3.6718955040e+00,1.5724104643e-01
-2.6373894215e+00,2.5694377422e+00
3.5018968582e+00,-9.0339645743e-02
3.3206665516e+00,4.3985444307e-01
4.0429530144e+00,2.7554142475e-01
4.1635580063e+00,3.0494704843e-01
3.2161524892e-01,-4.5159010887e+00
-5.6253892183e-01,3.9775869846e+00
-2.9061172009e+00,3.2757346630e+00
4.0714969635e+00,-5.3647160530e-01
3.1533346176e+00,-2.5170073509e+00
2.9174380302e+00,-2.6531467438e+00
-6.3096992671e-02,3.6436407566e+00
2.9196367264e+00,-2.5570766926e+00
3.9665753841e+00,-2.3883125186e-01
1.7800518870e-01,-4.0892977715e+00
-3.7120096684e+00,-1.9491949677e-01
-2.8804156780e+00,2.9463016987e+00
3.1301546097e-01,3.7378158569e+00
2.7845466137e+00,3.1059789658e+00
-1.5642543137e-01,3.8995571136e+00
-5.1553040743e-01,3.9494795799e+00
-2.8278164864e+00,2.8902029991e+00
3.0331013203e+00,-2.8957316875e+00
4.0284624100e+00,-6.1486542225e-01
2.9379372597e+00,2.9549379349e+00
3.9661846161e+00,1.0025528818e-01
4.1419510841e+00,3.4229078889e-01
-3.0613884926e+00,-2.5207929611e+00
4.2602715492e+00,-4.5645537972e-01
-2.4067800045e+00,-2.4572987556e+00
-2.8800592422e+00,-3.7983868122e+00
2.0002049208e-01,-3.7226071358e+00
4.2257719040e+00,-1.2046223506e-02
-3.0778486729e+00,-2.3818891048e+00
-4.1004805565e+00,8.9687615633e-02
-8.4549248219e-02,4.5669474602e+00
-3.4386124611e+00,3.3047060966e+00
-2.8624770641e+00,2.2639982700e+00
3.8214826584e+00,-4.5676514506e-01
3.9104223251e+00,-1.1487784237e-01
-2.5028610229e+00,-2.6315755844e+00
-2.8919503689e+00,2.8333435059e+00
-4.3304017186e-01,-3.4954206944e+00
-2.8832945824e+00,3.1272809505e+00
-2.9203252792e+00,2.6005468369e+00
2.9654934406e+00,2.7503838539e+00
6.7901134491e-01,4.0547657013e+00
9.9616587162e-02,-3.5860204697e+00
2.5704877377e+00,3.0672342777e+00
-4.1210570335e+00,-4.7860991955e-01
-2.9715341330e-01,3.7182528973e+00
3.3901619911e+00,2.7185966969e+00
-4.0705566406e+00,7.6163738966e-02
4.6687841415e+00,2.5770889595e-02
-3.2752749324e-01,-4.2415833473e+00
5.7115787268e-01,-3.3620979786e+00
-2.6774432659e+00,-2.8077576160e+00
-2.4705488682e+00,-2.5677711964e+00
-2.5735752583e+00,-2.3004965782e+00
1.2255870551e-01,3.8641228676e+00
-2.4328849316e+00,-2.9643659592e+00
-2.0376126468e-01,3.8733680248e+00
3.1739649773e+00,-2.9774625301e+00
4.0299906731e+00,-1.0009449907e-02
3.1307010651e+00,3.0712242126e+00
-4.6589449048e-01,4.3507347107e+00
4.0305633545e+00,2.1309707314e-02
-5.6607556343e-01,-4.2558431625e+00
-3.2859210968e+00,3.2009818554e+00
3.6153721809e+00,3.1446380615e+00
2.7082805634e+00,2.8014035225e+00
-2.4464354515e+00,2.4517018795e+00
2.6057139039e-01,3.9629542828e+00
-3.4632267952e+00,-3.1638331413e+00
1.9434447587e-01,3.7786314487e+00
-4.1085791588e+00,-3.4308053553e-02
-3.1634709835e+00,2.7791368961e+00
-3.2793784142e-01,-3.4379682541e+00
-4.2344470024e+00,-2.4992498755e-01
4.0820951462e+00,-2.1406514570e-02
-1.5271052718e-01,-3.9394302368e+00
-4.0604424477e+00,-2.1624955535e-01
-3.5258913040e+00,-4.4337078929e-02
2.4197649956e+00,-2.4839336872e+00
2.8228356838e+00,2.3169405460e+00
-4.0910396576e+00,1.3607187569e-01
-2.3491766453e+00,-3.0931253433e+00
-2.6963810921e+00,-2.9687218666e+00
-2.7625458315e-02,4.3985605240e+00
3.1851251125e+00,-2.8014628887e+00
-3.9203488827e+00,-2.1674023569e-01
2.4803621769e+00,-3.0131967068e+00
7.8720778227e-02,-3.8149342537e+00
3.0876135826e+00,-3.0013706684e+00
3.6865286827e+00,-1.6877523065e-01
-4.0441055298e+00,1.8965522945e-01
-2.9462139606e+00,2.4180731773e+00
-2.2053937912e+00,2.8153598309e+00
2.3223245144e+00,-2.1977849007e+00
2.5330662727e+00,2.8673686981e+00
-3.5091137886e+00,2.3601008952e-01
-1.1317921430e-01,4.5506095886e+00
-4.4406552315e+00,-8.4129989147e-02
2.0448019505e+00,2.7648308277e+00
-2.8828079700e+00,3.0149769783e+00
2.4735133648e+00,2.8905456066e+00
3.0835006237e+00,3.1785426140e+00
2.9325821400e+00,2.5582122803e+00
3.8594219685e+00,-2.7923440561e-02
2.7766423225e+00,2.4072802067e+00
4.5805719495e-01,4.3072452545e+00
3.0731809139e+00,-3.0136220455e+00
-3.8861868382e+00,-5.5057477951e-01
-3.0119919777e+00,-2.9946222305e+00
-4.7229928970e+00,-3.3643081784e-01
-2.8685460091e+00,2.5757060051e+00
-2.3212172985e+00,2.4616665840e+00
-2.8336157799e+00,-3.1213159561e+00
-4.0617594719e+00,1.7856624722e-01
-3.9001727104e+00,9.4271101058e-02
2.6106667519e+00,-2.4306883812e+00
-2.8735785484e+00,-3.2833461761e+00
3.4032807350e+00,-2.6170103550e+00
-2.5184669495e+00,3.3708887100e+00
-2.9614739418e+00,-3.0533597469e+00
-3.8441138268e+00,3.2750448585e-01
2.8433842659e+00,-2.7504916191e+00
-2.7829306126e+00,-3.0439584255e+00
-2.8317904472e+00,-2.2801263332e+00
-5.1095586270e-02,-4.3192343712e+00
4.0543169975e+00,5.5547565222e-01
2.8856880665e+00,-2.9184234142e+00
-7.7383853495e-02,-3.7322282791e+00
2.8953635693e+00,2.7583398819e+00
-3.5038595200e+00,-6.1878222227e-01
2.3711228371e+00,-3.0322136879e+00
-2.8173618317e+00,-2.8526027203e+00
2.8250279427e+00,2.8554320335e+00
-4.4599562883e-01,-3.9877233505e+00
5.1737773418e-01,-3.5914220810e+00
-4.4254279137e+00,-1.2785987556e-01
2.3217868805e+00,-3.1252338886e+00
-2.4413733482e+00,-2.4544653893e+00
7.3545128107e-02,3.8383889198e+00
-3.6836857796e+00,1.5206412971e-01
-3.2587707043e-01,-4.5336828232e+00
-4.0059056282e+00,-1.9092246890e-01
3.0478315353e+00,3.1666154861e+00
3.4675691128e+00,2.4569792747e+00
2.8808758259e+00,2.9790489674e+00
-4.2589947581e-02,-4.3094091415e+00
9.7861237824e-02,3.9922881126e+00
3.8830273151e+00,8.3004042506e-02
4.1974105835e+00,-3.3792134374e-02
-2.2775256634e-01,3.7938952446e+00
4.5536298305e-02,-3.7532060146e+00
2.4489066601e+00,-2.9044945240e+00
2.4988324642e+00,2.5734057426e+00
3.8839969039e-01,-3.8285603523e+00
2.9312872887e+00,2.7133364677e+00
3.1591205597e+00,-3.0533967018e+00
4.0794631839e-01,-3.4352674484e+00
-2.4167655036e-02,-3.6900711060e+00
-4.0260204673e-01,-4.2198934555e+00
-2.4916355610e+00,2.8512737751e+00
-3.9012258053e+00,4.0552687645e-01
-2.8880567551e+00,-2.8836193085e+00
-3.6312844753e+00,1.1760177463e-01
-7.6696848869e-01,-4.1831192970e+00
-3.3793509007e-01,3.8777391911e+00
-3.9372344017e+00,3.0354118347e-01
2.3746435642e+00,2.7753860950e+00
-2.5215944648e-01,3.7148723602e+00
-4.5846290588e+00,1.2645798922e-01
4.0767216682e+00,-1.4623408020e-01
2.4264761806e-01,-3.8207161427e+00
-2.8330719471e+00,-2.7814333439e+00
-2.2848954797e-01,-3.9954986572e+00
3.6233441830e+00,-2.8721077368e-02
-6.1765927821e-02,3.6992788315e+00
4.5680603385e-01,-4.5374107361e+00
4.1457533836e+00,9.4872690737e-02
-2.5686881542e+00,-3.0012984276e+00
1.3246345520e-01,-4.3109698296e+00
2.3260302544e+00,-3.2199382782e+00
3.9365992546e+00,-2.0247958601e-01
2.9941201210e+00,2.7093095779e+00
2.7108261585e+00,-2.6837110519e+00
-2.6599198580e-01,-3.5324485302e+00
4.2983441353e+00,5.4220318794e-01
2.9369714260e+00,2.8782782555e+00
-1.5422150493e-01,4.5335822105e+00
-4.1982603073e+00,1.0434237868e-01
-2.6794569492e+00,3.0917489529e+00
3.3923144341e+00,-2.6590767503e-01
-4.1069469452e+00,6.1594020575e-02
5.0375205278e-01,-4.3915395737e+00
6.4316794276e-02,-4.4326415062e+00
2.7562372684e+00,2.7956337929e+00
-3.0136501789e+00,-3.1498458385e+00
2.7253928185e+00,2.6926770210e+00
3.1152977943e+00,-3.0695521832e+00
1.6946914792e-01,-4.0744671822e+00
-3.1474521160e+00,-2.3052124977e+00
3.2925484180e+00,-2.4019310474e+00
-4.0488567352e+00,6.1119712889e-02
-4.2868738174e+00,2.7838078141e-01
-1.2152044475e-01,-3.8055117130e+00
-3.0599017143e+00,-2.9224109650e+00
6.8682062626e-01,3.7866024971e+00
3.0232956409e+00,-2.5464148521e+00
-2.6101629734e+00,-3.4390306473e+00
5.0516897440e-01,-4.0581312180e+00
-2.6245491505e+00,-2.5612688065e+00
2.6415786743e+00,-2.4509820938e+00
2.9286284447e+00,2.6019377708e+00
2.8819189072e+00,-3.0693092346e+00
-2.9691987038e+00,-2.9047138691e+00
-2.7827439308e+00,2.7776839733e+00
-2.5687034130e+00,3.1642217636e+00
4.3033275604e+00,7.0227915049e-01
-2.4838771820e+00,2.4936475754e+00
3.1311883926e+00,2.4870758057e+00
-2.8924307823e+00,-2.9795386791e+00
-3.9985451698e+00,2.5791424513e-01
-3.5157635212e+00,5.5250156671e-02
-2.5071291924e+00,2.3536200523e+00
2.8211162090e+00,-2.7402780056e+00
-3.8249537945e+00,-1.9823132455e-01
-3.2080755234e+00,2.4195106030e+00
-4.1806607246e+00,-1.6378602013e-02
-2.6763780117e+00,-2.9732108116e+00
2.4906744957e+00,-2.6452469826e+00
3.1523561478e+00,-3.3214471340e+00
-2.1184029579e+00,-3.0634934902e+00
3.1393477321e-01,-3.8499259949e+00
3.9169902802e+00,-4.9829177558e-02
1.4152307808e-01,3.9108011723e+00
3.3012964725e+00,2.5156872272e+00
2.7859377861e+00,3.0740463734e+00
2.7232134342e+00,-2.8343727589e+00
-1.5858469903e-01,3.8588783741e+00
-4.0383634567e+00,-2.4091334641e-01
-8.5539892316e-02,-4.4076375961e+00
-3.9128026962e+00,-1.8307055533e-01
1.0218089074e-01,3.7493555546e+00
-3.7902085781e+00,2.4050602913e+00
2.8886218071e+00,3.1111891270e+00
2.7152020931e+00,2.8495342731e+00
-2.0777024329e-02,-4.2264647484e+00
2.9758515358e+00,3.4154253006e+00
2.4955794215e-01,-4.1728901863e+00
-3.1814529896e+00,1.9927446842e+00
-2.7899749279e+00,-3.2976787090e+00
-4.1030240059e+00,-3.5515290499e-01
-1.2698680162e-01,-4.5051736832e+00
3.4434013367e+00,-2.2588194907e-01
2.5048165321e+00,2.9721651077e+00
7.9882465303e-02,3.8649034500e+00
-3.1317658424e+00,2.6797456741e+00
5.1271867752e-01,-4.1017904282e+00
4.9053072929e-02,3.7861161232e+00
4.1830506325e+00,-8.0044083297e-02
-2.6701099873e+00,2.9139940739e+00
2.8261806965e+00,3.0166866779e+00
2.7644724846e+00,-3.1001739502e+00
-7.9784885049e-02,3.8575592041e+00
-3.3433775902e+00,-3.1702783108e+00
3.5906443596e+00,-5.2973043174e-02
2.7306883335e+00,-2.3722102642e+00
-3.9682612419e+00,4.5298911631e-02
3.3625113964e+00,6.3922211528e-02
-3.1592791080e+00,2.7434582710e+00
-3.9241530895e+00,-3.0096065253e-02
4.1328730583e+00,-3.5794830322e-01
-2.7542035580e+00,2.9873511791e+00
3.1592290401e+00,3.2048182487e+00
-4.1490840912e+00,-1.6914722323e-01
3.7152962685e+00,3.3919554949e-01
1.1688974500e-01,-4.3363728523e+00
-2.8529288769e+00,-3.1650593281e+00
2.9713301659e+00,2.7141451836e+00
4.4542493820e+00,-1.8504877388e-01
3.0673766136e+00,3.0120968819e+00
3.0971446037e+00,-2.2242139280e-01
2.5103092194e+00,2.9503302574e+00
4.3734002113e+00,1.6400301456e-01
2.5780887604e+00,2.4153554440e+00
4.4517228007e-01,4.2040004730e+00
-2.7919418812e+00,2.8992075920e+00
3.0237193108e+00,-2.8466587067e+00
2.6131340861e-01,3.9091546535e+00
2.8970601559e+00,2.5310819149e+00
1.6171726584e-01,-4.1421837807e+00
3.0428513885e-01,4.0064358711e+00
4.6823528409e-01,4.3000483513e+00
-2.6211619377e+00,3.0150752068e+00
1.7861166596e-01,-3.8697731495e+00
4.2428565025e-01,-3.7000737190e+00
3.6203510761e+00,-4.2897362262e-02
-3.9079878330e+00,1.3378508389e-01
-4.3556079865e+00,-1.4082527161e-01
3.2632000446e+00,2.2959079742e+00
3.5279622078e+00,2.9640765190e+00
-1.4665779471e-01,-3.9127564430e+00
4.0333232880e+00,-5.0794994831e-01
2.9521019459e+00,3.4653379917e+00
4.1713633537e+00,1.8793398514e-02
-4.0883302689e+00,-2.2103829682e-01
2.8073189259e+00,2.7272098064e+00
6.3500434160e-02,-3.8615353107e+00
-3.5634160042e-01,-4.5169234276e+00
2.7719886303e+00,3.0774216652e+00
2.8136425018e+00,2.9783170223e+00
4.2088713646e+00,3.8990397006e-02
-3.6211793423e+00,2.9285195470e-01
-4.6719381213e-01,-3.7820534706e+00
-2.9473512173e+00,2.9451110363e+00
4.0896482468e+00,-1.5164133906e-01
-2.8170099258e+00,2.5781197548e+00
2.9981169105e-01,-3.9894371033e+00
3.0542036891e-01,3.7749190331e+00
2.7185854912e+00,2.7456948757e+00
4.3725751340e-02,-4.2863311768e+00
-1.3553529978e-01,4.3434443474e+00
-2.5615067482e+00,-3.3904948235e+00
-6.7598736286e-01,4.0933418274e+00
3.6603403091e+00,-9.4900108874e-02
9.5868068933e-01,-3.7509961128e+00
-5.6769621372e-01,4.0111556053e+00
3.0697808266e+00,-2.4329071045e+00
-2.6717123985e+00,2.9806656837e+00
4.0910077095e+00,4.7031939030e-01
-2.9242687225e+00,2.4697589874e+00
3.7316246033e+00,7.9523700476e-01
-1.8195845187e-01,-4.1121087074e+00
-9.3495517969e-02,4.3363928795e+00
-2.6347832680e+00,-2.6324386597e+00
3.3017852306e+00,-2.5877091885e+00
4.1692976952e+00,2.8440016508e-01
3.8453752995e+00,-2.4295438826e-01
2.4913892746e+00,-2.4906840324e+00
-2.5969483852e+00,-2.5699040890e+00
-6.8011558056e-01,4.5605702400e+00
4.8756736517e-01,-4.1227345467e+00
2.6009926200e-01,4.3577685356e+00
2.8675878048e+00,-2.5746023655e+00
-2.1021065116e-01,-4.8010435104e+00
1.5967628360e-01,-4.2711796761e+00
4.5158467293e+00,-2.1580912173e-01
-3.0354852676e+00,2.7231183052e+00
-3.1928513050e+00,2.3756699562e+00
-2.5085766315e+00,2.8226821423e+00
3.9942915440e+00,-2.3812054098e-01
-2.8481326103e+00,3.1091313362e+00
2.5222458839e+00,3.1691210270e+00
-3.1688606739e+00,-2.7374966145e+00
2.8636116982e+00,-2.2274196148e+00
-1.2400863925e-03,3.5455713272e+00
-2.9572637081e+00,2.5172193050e+00
4.0898523331e+00,1.8711560965e-01
2.8574368954e+00,-3.2448854446e+00
2.6814463139e+00,-3.2599124908e+00
2.4838171005e+00,-2.6017215252e+00
3.2606260777e+00,-3.3292832375e+00
2.6020944118e+00,-2.4486825466e+00
-1.9843268394e+00,2.8692834377e+00
-3.9095118642e-01,3.9815592766e+00
3.0355815887e+00,3.0977945328e+00
-2.8155839443e+00,-2.2612206936e+00
3.9055767059e+00,3.6274281144e-01
-3.2160742283e+00,2.7914671898e+00
3.8280739784e+00,-6.6169857979e-01
3.0678677559e+00,2.8115291595e+00
-2.9286961555e+00,2.8233647346e+00
-3.5089783669e+00,-2.9521534443e+00
-2.6219468117e+00,-2.8972589970e+00
-2.8466434479e+00,-2.9469318390e+00
2.4324622154e+00,2.4635863304e+00
-3.8818606734e-01,-4.2469120026e+00
3.9470391273e+00,1.8776331097e-02
2.6116278172e+00,2.6352620125e+00
-2.5343341827e+00,-2.7174475193e+00
4.1602635384e+00,3.0608293414e-01
2.6773030758e+00,2.6981675625e+00
-2.8906020522e-01,-4.3793258667e+00
-6.0901403427e-01,4.2178406715e+00
-3.8205449581e+00,3.5325634480e-01
-4.3927245140e+00,2.6579499245e-01
-2.8934831619e+00,3.0380337238e+00
2.7811276913e+00,-3.2814402580e+00
-2.8217418194e+00,2.9968774319e+00
1.5100762248e-01,-4.3357028961e+00
-3.8852875233e+00,-3.3132308722e-01
-2.3368935585e+00,3.2132458687e+00
-2.7702982426e+00,-2.9033200741e+00
-2.5983636379e+00,-3.1127171516e+00
3.6179325581e+00,8.9713409543e-02
-2.6458864212e+00,-2.9316062927e+00
-2.2169282436e+00,2.3879125118e+00
-2.7374439240e+00,-3.0029997826e+00
-3.8950216770e+00,-1.3689160347e-02
2.9114422798e+00,-2.6099925041e+00
3.3781185150e+00,-4.8863586038e-02
2.7626149654e+00,-2.7047164440e+00
-2.6540286541e+00,-2.7625954151e+00
-3.4741263390e+00,-3.1609711647e+00
-4.0883717537e+00,-1.5319612622e-01
3.1381552219e+00,-2.4095425606e+00
-2.7743589878e+00,3.1123077869e+00
-2.2250486910e-01,4.2545986176e+00
2.6201899052e+00,-3.0997722149e+00
4.9346628785e-01,-4.5555562973e+00
-2.5620064139e-01,-4.2525706291e+00
3.9217953682e+00,2.0153416693e-01
-2.9169728756e+00,-2.8683907986e+00
-2.9521367550e+00,-2.9895203114e+00
-3.9630622864e+00,3.7754172087e-01
-5.6684786081e-01,4.1194524765e+00
4.3321623802e+00,-1.7624865472e-01
2.8271503448e+00,-2.8809549809e+00
-4.3647924066e-01,4.1024408340e+00
-3.1114354134e+00,-3.3569917679e+00
4.2672591209e+00,-1.1454539746e-01
3.5982592106e+00,-2.1850353479e-01
2.9098827839e+00,2.8235216141e+00
2.8437755108e+00,-3.0726408958e+00
-3.7756540775e+00,-5.0324358046e-02
-2.8803379536e+00,2.4549677372e+00
-1.0285899043e-01,-4.3371820450e+00
2.5175061226e+00,-3.2908353806e+00
-1.3210932910e-01,-4.1243448257e+00
4.1903796196e+00,2.3559230566e-01
-2.8658928871e+00,2.6576557159e+00
3.3891808987e+00,-2.4394395351e+00
-7.0094597340e-01,-4.2568688393e+00
5.3223568201e-01,4.5623989105e+00
3.1905972958e+00,2.9498314857e+00
-2.8579318523e-01,-4.4308862686e+00
-3.9499816895e+00,-2.1734003723e-01
2.6338679790e+00,-2.9289183617e+00
-2.5676118210e-02,4.0209021568e+00
-2.4157037735e+00,2.6496853828e+00
-3.0004398823e+00,2.8118298054e+00
2.6221499443e+00,-2.6323056221e+00
-2.7933003902e+00,3.0980379581e+00
2.4632880688e+00,-2.4300060272e+00
3.8918061256e+00,-3.7407925725e-01
2.0103824139e+00,2.7214331627e+00
-3.7322282791e+00,-1.2193073332e-01
2.4388606548e+00,2.5453851223e+00
2.8739409447e+00,3.0015029907e+00
-2.6206262112e+00,-2.9152085781e+00
-3.2291533947e+00,2.8874344826e+00
4.0843362808e+00,-2.4258816242e-01
1.0672043264e-01,4.4385910034e+00
-2.4821958542e+00,-2.3214507103e+00
-5.1705490798e-02,3.7507820129e+00
-2.5870714188e+00,-2.5763769150e+00
2.9905300140e+00,3.2195458412e+00
-2.9525437355e+00,3.1689739227e+00
2.9281396866e+00,2.7484102249e+00
3.0687384605e+00,3.1315424442e+00
2.7246115208e+00,2.9624857903e+00
-3.8615124226e+00,2.2283355892e-01
4.1558122635e+00,-4.8354426026e-01
3.3585610390e+00,2.8054120541e+00
-2.3945429325e+00,-2.6844246387e+00
4.2910790443e+00,3.3300053328e-02
7.4075371027e-01,4.0347990990e+00
-2.8928787708e+00,2.9784481525e+00
-4.1374950409e+00,1.1046777666e-01
-4.0109318495e-01,-4.1635017395e+00
2.6426014900e+00,3.0200669765e+00
3.0729219913e+00,-2.7920799255e+00
-3.6716991663e-01,3.8062591553e+00
-2.8524603844e+00,2.3216156960e+00
2.9310567379e+00,2.7535810471e+00
-3.8100926876e+00,7.3135322332e-01
-3.4675112367e-01,4.2045607567e+00
-1.5304358304e-01,-4.3859577179e+00
2.6362659931e+00,2.7095060349e+00
-2.5411357880e+00,2.9371359348e+00
-3.1317150593e+00,-2.8436493874e+00
3.1874921322e+00,2.8175649643e+00
-4.1013526917e+00,4.5137926936e-03
-4.1272406578e+00,-2.4938493967e-01
-3.5691511631e+00,-2.7319526672e+00
2.5096696615e-01,3.8100230694e+00
-2.1274499893e+00,-2.8607339859e+00
2.9688694477e+00,2.7838873863e+00
-2.4885079861e+00,-2.7200901508e+00
-3.0886356831e+00,2.6894407272e+00
-1.8498583138e-01,-4.2724738121e+00
3.1328070164e+00,2.9569849968e+00
-3.5256202221e+00,5.3875438869e-02
-2.4188714027e+00,-2.4615163803e+00
-2.8798036575e+00,-3.1811902523e+00
-1.2800008059e-01,-4.0978293419e+00
3.8129456043e+00,-3.2482045889e-01
4.1458482742e+00,-3.4940397739e-01
4.4481806755e+00,2.5321114063e-01
-3.0019371510e+00,-2.5406496525e+00
1.7423522472e-01,4.0997924805e+00
-1.0824748315e-03,3.8641281128e+00
4.0982198715e+00,-1.2865373865e-03
3.7974138260e+00,2.0277658105e-01
-3.0399944782e+00,2.8183889389e+00
2.6273849010e+00,2.8632674217e+00
2.7786386013e+00,-2.7956900597e+00
3.3568434715e+00,-2.3695774078e+00
3.2492728233e+00,1.4456555247e-01
-2.7657740116e+00,-2.9173767567e+00
3.5727684498e+00,-4.7393847257e-02
-2.6974136829e+00,3.0315148830e+00
2.4525048733e+00,-2.9884171486e+00
2.3291754723e+00,2.5608439445e+00
-4.5278468728e-01,-4.7094478607e+00
1.4936099946e-01,3.9322817326e+00
-3.8069994450e+00,-4.9796736240e-01
-3.0756139755e+00,-1.9351251125e+00
-1.5288051963e-01,3.7897837162e+00
4.2066893578e+00,-6.2699460983e-01
-2.8181338310e+00,3.1365439892e+00
2.9072663784e+00,2.8319010735e+00
-2.9099185467e+00,3.0609593391e+00
2.6764690876e+00,3.1012978554e+00
3.1693646908e+00,2.9811940193e+00
3.1267006397e+00,-2.5147802830e+00
-7.1309363842e-01,-3.7954251766e+00
2.5492684841e+00,2.2470726967e+00
4.0453815460e+00,2.0663233474e-02
2.2474102676e-01,-4.2268009186e+00
2.8458857536e+00,-2.4218609333e+00
3.1832582951e+00,-2.7827341557e+00
-4.2762861252e+00,-1.3319297135e-01
-2.6276457310e+00,-2.9947710037e+00
2.3116328716e+00,3.1146581173e+00
2.5364220142e+00,-3.0030608177e+00
-4.2178778648e+00,2.8275197744e-01
3.0574831963e+00,3.2474570274e+00
2.0980159938e-01,3.8827466965e+00
-2.6747472286e+00,3.0860857964e+00
-9.8266139627e-02,3.8490939140e+00
-2.8915114403e+00,-2.9406495094e+00
-3.8993641734e-01,3.9938170910e+00
1.7507720739e-02,-4.3881430626e+00
4.1731114388e+00,3.4672477841e-01
2.5700230598e+00,-3.0829916000e+00
3.7162201405e+00,4.7569189221e-02
3.9995188713e+00,4.5657661557e-01
4.0833559036e+00,-2.1529158950e-01
3.3770685196e+00,2.8135731220e+00
-1.4168968797e-01,3.9856801033e+00
-3.1669526100e+00,3.1190602779e+00
1.9449661672e-01,-3.8818051815e+00
-2.9107513428e+00,-2.8023610115e+00
-3.6231844425e+00,3.3975124359e-01
-2.3658273220e+00,3.1051902771e+00
3.4702149034e-01,-4.2917461395e+00
1.1419539899e-01,-4.1649265289e+00
9.4208233058e-02,-4.0850777626e+00
2.9298050404e+00,-3.0851335526e+00
3.6554300785e+00,2.0570828021e-01
4.2244620323e+00,9.5444634557e-02
-2.7783579826e+00,3.0214323997e+00
-2.6955316067e+00,-2.5550334454e+00
2.8169677258e+00,-2.4332456589e+00
-5.1887318492e-02,-4.3754601479e+00
3.0481128693e+00,-2.7624967098e+00
3.0160977840e+00,2.4732577801e+00
4.0552153587e+00,-3.5889986157e-01
4.0040249825e+00,3.5445672274e-01
2.9050972462e+00,3.1397080421e+00
-4.2820682526e+00,-2.2539122403e-01
2.7164301872e+00,2.1553878784e+00
-3.2098808289e+00,2.5590376854e+00
-1.1817652732e-01,-3.6728656292e+00
2.8651940823e+00,3.0334074497e+00
-2.5877966881e+00,2.5972275734e+00
2.6280324459e+00,-3.1027734280e+00
-2.9564803839e-01,-4.0406351089e+00
-2.8870434761e+00,-2.9689826965e+00
3.2788517475e+00,2.5996305943e+00
2.7674809098e-01,-4.4578723907e+00
9.2527665198e-02,-4.2929730415e+00
3.0089313984e+00,-2.8392987251e+00
2.9156830311e+00,3.0902938843e+00
-3.2578492165e+00,-2.8138425350e+00
-3.0690782070e+00,1.7872946262e+00
2.1037695408e+00,3.0612490177e+00
-2.9221260548e+00,-2.8287394047e+00
-2.1389900148e-01,-4.1884756088e+00
4.3720211983e+00,1.2749290466e-01
-3.9034743309e+00,1.0199015588e-01
6.1302578449e-01,-4.3632030487e+00
3.5241811275e+00,2.7813808918e+00
-1.9559022784e-01,4.3307723999e+00
3.1526999474e+00,-3.0114779472e+00
2.4284169674e+00,-3.2435173988e+00
2.8746204376e+00,-3.0155472755e+00
4.7208324075e-02,-4.1308240891e+00
-4.2110691071e+00,1.4880573750e-01
-2.8097238541e+00,2.9687678814e+00
3.6236176491e+00,-1.9640102983e-01
3.3461747169e+00,-3.0418343544e+00
3.0356698036e+00,2.9326822758e+00
6.2421917915e-01,3.7551088333e+00
-2.6133284569e+00,-2.8837273121e+00
3.9351804256e+00,2.9327300191e-01
2.1164754033e-01,-4.3729023933e+00
-5.2165385336e-02,4.0359807014e+00
-1.2243341655e-01,-4.2742662430e+00
3.7381346226e+00,3.1137611717e-02
4.2352142334e+00,-8.4362886846e-02
-4.0703043938e+00,1.9529779255e-01
2.5971317291e+00,2.5664956570e+00
-3.5736272335e+00,-3.5607314110e-01
-3.7108132839e+00,-2.3762285709e-01
3.8962733746e+00,7.4912883341e-02
-4.0741286278e+00,-3.6577495933e-01
-3.8619947433e+00,2.1241278946e-01
3.1670749187e+00,-2.1767678261e+00
-2.4473991394e+00,2.4381732941e+00
-2.8011054993e+00,2.6984694004e+00
5.2860043943e-02,4.0911574364e+00
-2.4209008217e+00,-2.7285001278e+00
3.7092409134e+00,-1.0218198597e-01
-3.4462862015e+00,2.7918736935e+00
-2.6312997341e+00,2.8551738262e+00
-2.7504575253e+00,-2.7517964840e+00
2.5798382759e+00,-2.5097887516e+00
2.9106926918e+00,-3.0398912430e+00
-3.0125899315e+00,2.4412348270e+00
2.8307735920e+00,2.4317646027e+00
-2.9119279385e+00,-2.8064174652e+00
-4.3504362106e+00,-3.1961268187e-01
2.8329052925e+00,2.8558762074e+00
4.0113353729e+00,-2.4153438210e-01
3.8046126366e+00,-3.4064513445e-01
9.8668523133e-02,-4.0901012421e+00
-9.1292873025e-02,4.1799993515e+00
-4.2845988274e+00,4.5173475146e-01
-5.0315704197e-02,-4.0342416763e+00
-4.0136938095e+00,2.5139451027e-01
4.1333651543e+00,-2.9763433337e-01
2.8746840954e+00,-3.0025043488e+00
-2.4768648148e+00,2.9174506664e+00
-2.6855605841e-01,4.1620402336e+00
3.1697819233e+00,2.9614291191e+00
-2.9890727997e+00,2.0560140610e+00
3.3150434494e-01,-3.7523345947e+00
2.5512177944e+00,-2.7662117481e+00
-3.0938601494e+00,3.3128168583e+00
-3.1296863556e+00,2.2867872715e+00
4.3981423378e+00,1.8612714112e-01
-2.6450901031e+00,-3.2810058594e+00
-2.6204776764e+00,2.7829446793e+00
-3.9929552078e+00,5.8218652010e-01
2.5109360218e+00,-2.7909245491e+00
3.1614451408e+00,3.4312837124e+00
-3.5931220055e+00,-3.8922649622e-01
6.0002863407e-02,-4.1697545052e+00
3.1861515045e+00,-3.1734383106e+00
-2.4869945049e+00,2.6209297180e+00
3.8431341648e+00,3.3709436655e-01
2.7158041000e+00,2.6511042118e+00
3.9208924770e+00,2.9880581424e-02
-1.4962024987e-01,-4.2988929749e+00
4.0413260460e+00,5.3211009502e-01
3.3576095104e+00,-3.5329184532e+00
-2.8809213638e+00,2.6180753708e+00
-4.2146472931e+00,5.7584427297e-02
-4.0450258255e+00,2.3175543547e-01
2.4360742569e+00,3.0252702236e+00
2.8712296486e+00,2.8587610722e+00
6.0368108749e-01,4.7052898407e+00
4.2551498413e+00,2.2860309482e-01
2.6737618446e+00,2.8533468246e+00
3.8318119049e+00,-3.2642802596e-01
-2.9516489506e+00,2.5304241180e+00
-2.8740152717e-01,-4.2532343864e+00
3.5970685482e+00,1.0847500525e-02
7.6581135392e-02,-4.3080472946e+00
-2.8873965740e+00,2.3090209961e+00
-8.6397059262e-02,-4.2476205826e+00
1.2582975626e-01,-3.6879217625e+00
-4.0756663680e-01,4.2054028511e+00
4.1629213095e-01,-3.7341523170e+00
-3.0775852203e+00,-2.3974523544e+00
5.5305588245e-01,-4.0814938545e+00
3.4740059376e+00,-3.0830931664e+00
-3.8958859444e+00,1.1221739650e-01
2.9504439831e+00,-2.6476602554e+00
-2.8972604275e+00,2.5048713684e+00
-2.7528703213e+00,-3.0385487080e+00
-3.8754887581e+00,9.8831124604e-02
3.3324651718e+00,2.1150454879e-01
-2.1848535538e+00,-2.5393552780e+00
3.7315444946e+00,2.8430309892e-01
2.7653610706e+00,3.3410499096e+00
1.8305450678e-01,-4.0986409187e+00
-2.4636486173e-01,4.3908801079e+00
-3.2953798771e+00,-2.8891539574e+00
2.6041240692e+00,3.0020351410e+00
-1.6179817915e-01,4.0793576241e+00
-3.7662441730e+00,2.9274889827e-01
-3.0281412601e-01,-4.1540102959e+00
-3.9486570358e+00,-7.5600422919e-02
-2.4774242938e-01,-3.8530881405e+00
-3.0029516220e+00,-2.8402376175e+00
-3.0196990967e+00,-2.9783091545e+00
3.0352225304e+00,2.2947318554e+00
-2.7339296341e+00,-2.9447090626e+00
-2.7391331196e+00,3.1055665016e+00
2.8818621635e+00,2.7684252262e+00
3.5752303600e+00,-1.0856579244e-01
-2.7224919796e+00,-3.2893733978e+00
-3.9016649723e+00,-1.5821105242e-01
-4.2782969475e+00,-5.6814156473e-02
3.6040625572e+00,1.0890348256e-01
2.5481569767e+00,2.8148555756e+00
4.0183801651e+00,3.8449355960e-01
-4.9100381136e-01,3.7487616539e+00
2.7468178272e+00,2.9725165367e+00
1.6812270042e-03,-3.9880535603e+00
-3.0722826719e-01,4.1219372749e+00
-3.8652327061e+00,1.4302107692e-01
-4.0741467476e+00,-4.0787371993e-01
3.8042352200e+00,2.0480850339e-01
2.9051051140e+00,-2.1311781406e+00
-2.5050926208e+00,3.0441601276e+00
-3.5665431023e+00,8.7069861591e-02
4.4383454323e+00,1.8251210451e-02
-4.1452684402e+00,-5.7006746531e-02
3.7483177185e+00,-4.0778240561e-01
-1.9810499251e-01,-3.9449727535e+00
-3.1571528912e+00,3.2295260429e+00
-2.5046839714e+00,-2.5615942478e+00
3.7146804333e+00,2.9996234924e-02
-1.8656909466e-01,3.6824581623e+00
1.8342494965e-01,-3.9882411957e+00
3.4941947460e+00,5.3874331713e-01
1.7647589743e-01,-3.4948358536e+00
4.3332486153e+00,-1.2590372562e-01
-2.4448350072e-01,4.6397914886e+00
5.0383541733e-02,3.9603590965e+00
2.7182178497e+00,2.7724478245e+00
4.3386759758e+00,-2.8877392411e-01
4.1905629635e-01,3.3919115067e+00
-2.5607075691e+00,-2.3922491074e+00
-4.0936417580e+00,-4.8235744238e-01
3.8247387409e+00,2.7352407575e-01
-2.9571561813e+00,-2.5068581104e+00
3.5638601780e+00,-2.1644780040e-01
-2.9283028841e-01,3.9467706680e+00
4.1789231300e+00,-2.7083402872e-01
2.7144358158e+00,-2.5507130623e+00
4.3492594361e-01,3.9100513458e+00
-2.8953990936e+00,-2.6614613533e+00
2.7080566883e+00,-3.2006742954e+00
2.8449594975e+00,2.7714245319e+00
-2.7632219791e+00,-3.0958378315e+00
-3.8556323051e+00,-3.6320951581e-01
2.4045143127e+00,-2.6629879475e+00
3.8967137337e+00,1.6695933044e-01
-2.7317814827e+00,-3.1946413517e+00
-2.7854783535e+00,-2.6278748512e+00
-2.4661319256e+00,2.8451609612e+00
2.9031488895e+00,3.1721732616e+00
-3.7917344570e+00,1.9519506395e-01
-3.1588473916e-01,3.9599356651e+00
-4.3153252602e+00,2.0382024348e-01
-2.4664809704e+00,-2.6963891983e+00
4.2477025986e+00,-5.0664556026e-01
4.0303535461e+00,-2.5146910548e-01
-5.6058254093e-02,4.3177323341e+00
-2.5594705343e-01,3.9900813103e+00
4.2231938243e-01,4.0266995430e+00
-4.0624771118e+00,-5.2006382495e-02
-2.5648901463e+00,2.7661967278e+00
-3.2056324482e+00,-2.3952355385e+00
-2.9060108662e+00,2.4650290012e+00
-2.0677430928e-01,3.1905376911e+00
2.8277463913e+00,-3.1134276390e+00
3.9713590145e+00,-1.2063658237e-01
-4.1659512520e+00,-1.4548511803e-01
-3.5740737915e+00,-5.7394161820e-02
3.2197523117e+00,-2.7965168953e+00
3.6898074150e+00,-3.4812223911e-01
2.7566001415e+00,2.4411389828e+00
2.6051998138e+00,2.7900297642e+00
-2.0748927593e+00,-2.8100414276e+00
3.4360384941e-01,4.8155074120e+00
4.0900526047e+00,-4.3061116338e-01
4.1075510979e+00,-3.5716307163e-01
1.4924417436e-01,-3.7381007671e+00
2.9693980217e+00,-2.3754241467e+00
-2.5842475891e+00,2.5368704796e+00
1.7286035419e-01,-4.2315797806e+00
3.1620063782e+00,-2.6449151039e+00
-2.6104609966e+00,-2.9334712029e+00
6.8373638391e-01,-4.2116055489e+00
-2.7789554596e+00,-2.6620571613e+00
3.8255100250e+00,-5.7105910778e-01
1.1798778921e-01,4.2017965317e+00
5.5588024855e-01,-3.8296065331e+00
2.7664611340e+00,-3.0538270473e+00
-3.8928682804e+00,3.8191847503e-02
-2.8513076305e+00,-2.5200457573e+00
-4.2143268585e+00,6.6784344614e-02
-3.7203700542e+00,-3.5503327847e-01
-2.9527459145e+00,3.0688161850e+00
-3.8313274384e+00,-4.1137823462e-01
2.3814227581e+00,-2.7592148781e+00
3.7416267395e+00,-4.5184805989e-01
-3.0379533768e+00,2.9079215527e+00
-2.5039577484e+00,-2.6975302696e+00
4.2765040398e+00,4.5856943727e-01
-2.2122980654e-01,-3.4191827774e+00
-2.6089386940e+00,-2.9458374977e+00
-3.2066669464e+00,-3.0422639847e+00
-3.9850916862e+00,3.4890550375e-01
-2.8804430738e-02,-4.3022055626e+00
2.6766958237e+00,2.8254497051e+00
-2.7251501083e+00,-3.0361077785e+00
2.5728516579e+00,-2.6732969284e+00
4.7801826149e-02,-4.2054076195e+00
2.7180731297e+00,2.9949176311e+00
3.6366729736e+00,-2.6056417823e-01
-3.4036054611e+00,2.6164345741e+00
-4.3004980087e+00,5.6586030871e-02
2.2440273762e+00,-2.4345192909e+00
3.0878531933e+00,2.8982610703e+00
-2.3267297074e-02,3.6627097130e+00
3.1974754333e+00,-2.5938713551e+00
1.0432239622e-01,-4.4405651093e+00
-4.2715013027e-01,-4.2785301208e+00
3.2274105549e+00,3.2794992924e+00
-3.7157833576e-01,3.7918539047e+00
-3.9897551537e+00,2.7647399902e-01
2.2025001049e-01,-4.6467576027e+00
-2.7807962894e+00,-3.0698449612e+00
1.1837224662e-01,-3.7886793613e+00
4.6323580742e+00,2.8051126748e-02
-2.9706332684e+00,2.7996249199e+00
4.3249287605e+00,-3.2375890017e-01
2.2702174187e+00,-3.1436026096e+00
2.7746829987e+00,2.7218718529e+00
-3.3757352829e+00,1.6331812739e-01
2.8440597057e+00,3.0251460075e+00
2.4820590019e+00,-2.6411530972e+00
4.0942540169e+00,1.0099525750e-01
-3.2388955355e-01,-4.2985720634e+00
2.6861989498e+00,-2.7580604553e+00
-2.6972904205e+00,3.1135463715e+00
-3.0820422173e+00,3.0550990105e+00
4.3731465340e+00,-1.1905080080e-01
2.9641849995e+00,-3.1539049149e+00
-2.9802758694e+00,-2.8352496624e+00
3.2762401104e+00,-2.5447812080e+00
-3.0533764362e+00,2.6948912144e+00
-2.2755706310e+00,-2.6641097069e+00
2.7222929001e+00,2.7420449257e+00
2.3369260132e-01,3.5704555511e+00
2.8056066036e+00,-2.8393933773e+00
-2.5440831184e+00,2.3468968868e+00
-3.9166319370e+00,-5.3400117159e-01
2.1997630596e+00,2.6830112934e+00
2.2414908409e+00,-2.7993938923e+00
-1.8137186766e-01,-4.0171699524e+00
-2.4929568768e+00,-2.4594695568e+00
2.9921917915e+00,2.7128982544e+00
-2.5664293766e+00,2.4904332161e+00
-4.1893024445e+00,-4.2309209704e-01
2.6869919300e+00,-2.8566348553e+00
2.9826440811e+00,-2.5996656418e+00
7.0101559162e-02,4.2171201706e+00
-3.7036461830e+00,-1.3867370784e-01
-3.3040652275e+00,2.9436192513e+00
2.4176182747e+00,3.3363838196e+00
3.4300255775e+00,2.8045635223e+00
-4.0692782402e+00,3.3182498813e-01
3.4719923139e-01,4.1909399033e+00
4.1194415092e+00,1.4323894680e-01
4.5546875000e+00,-1.4221015573e-01
-2.5905501842e+00,-2.7962591648e+00
2.6823017597e+00,-2.7205646038e+00
-2.3269815445e+00,2.8623511791e+00
-4.3129024506e+00,1.3803467155e-01
-3.0471568108e+00,2.5670189857e+00
-3.6192078590e+00,-4.9628503621e-02
2.8337945938e+00,-2.7446951866e+00
4.4226970673e+00,3.2100906968e-01
2.5403538719e-02,4.0625190735e+00
-2.6532368660e+00,2.5531649590e+00
4.7988498211e-01,-4.5135922432e+00
-7.7768951654e-02,-3.6067545414e+00
3.8746235371e+00,2.9239336029e-02
4.3386664391e+00,-3.6960369349e-01
3.0329582691e+00,-2.9871284962e+00
2.7194434404e-01,-3.4276151657e+00
-2.2995803356e+00,3.2823061943e+00
-3.0737681389e+00,2.5624339581e+00
4.3694443703e+00,-9.9498428404e-02
-2.7171649933e+00,3.5125086308e+00
2.8006699681e-01,-4.8368439674e+00
-2.8384857178e+00,2.8267378807e+00
2.8286340237e+00,-2.6084842682e+00
4.2346813716e-03,-4.3844919205e+00
-2.9281373024e+00,2.7828271389e+00
3.0790596008e+00,2.9860010147e+00
2.9455475807e+00,2.7068870068e+00
2.5874447823e+00,-3.1910102367e+00
-1.7508082092e-01,3.6841018200e+00
3.6453039646e+00,-1.6602699459e-01
3.0993561745e+00,-3.1279706955e+00
-1.1752794683e-01,-4.1376547813e+00
-2.9974453449e+00,2.8000020981e+00
3.0625865459e+00,-2.9008915424e+00
2.2193851471e+00,2.7421822548e+00
-4.9241015315e-01,-4.0552978516e+00
-3.0797111988e-01,4.1716685295e+00
4.1297575831e-01,3.7359609604e+00
-1.5845969319e-01,3.5236134529e+00
-4.0331072807e+00,-2.0375823975e-01
2.8271181583e+00,-2.8828766346e+00
-2.7632584572e+00,-2.6463346481e+00
-3.8406865597e+00,3.2125283033e-02
-3.7241098881e+00,1.7390632629e-01
-3.8809072971e+00,-7.4303001165e-01
2.1830208302e+00,-2.9149792194e+00
-2.3326431215e-01,-4.3549828529e+00
3.9590864182e+00,-3.8419690728e-01
-3.6640775204e-01,-4.3780469894e+00
-1.1637638509e-01,-3.8301944733e+00
-2.7000555992e+00,-2.3078122139e+00
-6.6617220640e-02,-4.4008092880e+00
5.9552425146e-01,3.5447514057e+00
-3.6185836792e-01,3.8330948353e+00
-2.6717884541e+00,2.3070580959e+00
3.0458133221e+00,-2.7482318878e+00
-3.1904988289e+00,-3.0769343376e+00
3.1386907101e+00,2.5354106426e+00
3.1156554222e+00,-2.6612207890e+00
-3.0520987511e+00,3.0396180153e+00
3.4834799767e+00,2.6601195335e+00
-4.2524876595e+00,1.5023437142e-01
3.0327153206e-01,4.0918169022e+00
-3.5056853294e+00,-2.9063363075e+00
-2.6671185493e+00,-2.7507345676e+00
-4.2262163162e+00,-1.2949325144e-01
4.0841922760e+00,1.5672173351e-02
3.3388469219e+00,-3.1393058300e+00
-2.7749629021e+00,-2.9003560543e+00
2.4571242332e+00,2.8002600670e+00
2.1958420277e+00,2.7946209908e+00
2.4590382576e+00,2.3382489681e+00
-2.9089567065e-01,3.6294686794e+00
-3.1047320366e+00,-2.8143138885e+00
3.2479450703e+00,2.7860350609e+00
2.6707212925e+00,-2.7970623970e+00
-3.2002360821e+00,2.5808022022e+00
3.2911894321e+00,2.9390285015e+00
3.9299364090e+00,-3.6770101637e-02
-1.2687072158e-01,-3.7989680767e+00
-3.1082496643e+00,2.4077527523e+00
-3.5118730068e+00,-3.3439651132e-01
2.7293729782e+00,-2.7664012909e+00
-2.5018928051e+00,2.9185194969e+00
-4.4643936157e+00,3.2322805375e-02
-2.7995395660e+00,2.8910238743e+00
3.7290241718e+00,2.2209528089e-01
-4.0173363686e+00,-2.7366390824e-01
1.8311744928e-01,-4.3283867836e+00
-2.4902667999e+00,2.8611717224e+00
-2.2479360104e+00,-2.8905377388e+00
5.1709461212e-01,-3.5220389366e+00
5.9731107950e-01,4.2899188995e+00
3.9755795002e+00,1.8148583174e-01
-3.2348915935e-02,-4.2017374039e+00
7.5547486544e-02,4.2855119705e+00
-3.0533757210e+00,-2.1085085869e+00
-2.8457167149e+00,3.0349640846e+00
-2.4892721176e+00,2.8619825840e+00
-4.2171163559e+00,-5.2980676293e-02
-2.6712530851e-01,-3.9848210812e+00
2.6084220409e+00,2.2901456356e+00
-2.7950694561e+00,2.5310502052e+00
-3.6861627102e+00,-5.7626251131e-02
-4.4018759727e+00,1.7398813367e-01
-1.6328524053e-01,3.7595887184e+00
-2.8287467957e+00,3.1463131905e+00
2.9020041227e-01,4.2383546829e+00
4.5545663834e+00,6.1516426504e-03
-2.2564911842e+00,2.8957092762e+00
2.8522703648e+00,-3.3588311672e+00
2.7626329660e-01,3.9909698963e+00
-2.4284480512e-01,3.7339282036e+00
3.7881761789e-01,-3.6814973354e+00
-2.0380386710e-01,-4.1612615585e+00
-5.0508534908e-01,4.3150367737e+00
2.8427379131e+00,-2.6041171551e+00
-3.0520143509e+00,-3.0322763920e+00
-3.7849721909e+00,-7.6121963561e-02
2.8584156036e+00,-2.6309680939e+00
-2.8968402743e-01,4.1595973969e+00
3.2087903023e+00,3.3316977024e+00
2.4220098555e-01,3.9390628338e+00
3.3076477051e+00,-2.9179735184e+00
-4.0688009262e+00,3.8652160764e-01
-3.9992749691e+00,3.6722320318e-01
3.8276439905e-01,-3.6135597229e+00
2.7138934135e+00,-2.7818825245e+00
-2.6488523483e+00,2.7349529266e+00
-1.2007214874e-01,-3.8457467556e+00
3.2391145229e+00,2.5207757950e+00
-2.3503130674e-01,-4.1967072487e+00
-3.6107277870e+00,-2.6066374779e-01
3.4852426052e+00,2.4911394119e+00
2.8653295040e+00,-3.0343437195e+00
3.8676257133e+00,2.3357351124e-01
4.5042171478e+00,-7.2232566774e-02
2.8933846951e+00,2.8165521622e+00
8.0005951226e-02,3.8859732151e+00
-6.6728234291e-02,-3.9261500835e+00
-3.3995971680e+00,2.9231302738e+00
-2.8830189705e+00,3.0056245327e+00
3.7759237289e+00,-7.7816493809e-02
-2.5948545337e-01,4.1659135818e+00
2.9596378803e+00,2.6833474636e+00
2.8076202869e+00,3.0803167820e+00
-3.1636354923e+00,-2.7400062084e+00
-7.2922706604e-02,-4.6070737839e+00
2.8731420040e+00,-2.8902056217e+00
2.9037888050e+00,3.0611879826e+00
2.9900166392e-01,-3.8755640984e+00
-2.2324848175e+00,-2.4543805122e+00
3.3782639503e+00,-2.5607490540e+00
-6.0765576363e-01,-3.8113434315e+00
2.7186515331e+00,-2.9391267300e+00
2.7379856110e+00,2.5947682858e+00
-1.7254120111e-01,3.8221170902e+00
-2.6558778286e+00,-2.2855467796e+00
-2.8084151745e+00,2.7272477150e+00
3.3235538006e+00,2.9086375237e+00
-3.3312892914e+00,1.1998988688e-01
2.5393376350e+00,-2.8361430168e+00
-2.8474144936e+00,-3.2693033218e+00
-2.9775667191e+00,2.5963056087e+00
3.5761251450e+00,-2.9363337159e-01
4.3919663876e-02,-4.0704689026e+00
-1.9741457701e+00,-2.2668266296e+00
3.7912647724e+00,2.3982240260e-01
-7.3004342616e-02,-3.8926675320e+00
1.2465234846e-01,-3.9538877010e+00
5.5457687378e-01,-4.0575900078e+00
-3.8888783455e+00,2.4740613997e-01
-3.2351510525e+00,-2.7628395557e+00
3.0048320293e+00,-2.8512539864e+00
4.0501279831e+00,-6.6622108221e-02
5.3147590160e-01,-4.2069020271e+00
-2.6426050663e+00,-2.2169263363e+00
3.7988827229e+00,-3.7836626172e-01
-2.5073103905e+00,-2.6715712547e+00
-3.1096630096e+00,-2.9310202599e+00
3.0080446601e-01,-3.8467674255e+00
2.9669334888e+00,2.4383759499e+00
2.5171503425e-01,-4.2510590553e+00
2.6346759796e+00,-1.8900384903e+00
-4.7007739544e-02,-3.5782198906e+00
4.2346591949e+00,5.1318621635e-01
-4.4210448265e+00,-2.2398138419e-02
1.7243242264e-01,3.8911998272e+00
-4.2819833755e-01,-4.1848592758e+00
-2.6707625389e+00,-2.8608653545e+00
3.9168348312e+00,-1.2505804002e-01
2.3932024837e-01,4.2758684158e+00
-2.5210509300e+00,2.3997859955e+00
4.2573603988e-01,4.2269029617e+00
-5.0521388650e-02,4.2629036903e+00
-2.7154583931e+00,-2.4767651558e+00
-2.5373702049e+00,-2.7841620445e+00
-3.3069386482e+00,-3.0855321884e+00
-4.0324130058e+00,1.5073253214e-01
2.7202150822e+00,3.0120277405e+00
2.2427222729e+00,2.7026410103e+00
-1.8733975291e-01,-4.3612751961e+00
1.2247901410e-01,4.1811995506e+00
-2.9782972336e+00,2.9961931705e+00
2.6218159199e+00,-2.8916523457e+00
3.2176814079e+00,2.4207720757e+00
2.9998276234e+00,-3.2922987938e+00
4.6392422169e-02,-3.9945108891e+00
3.2085089684e+00,2.4533522129e+00
-2.9931159019e+00,-2.9376235008e+00
3.9396529198e+00,-3.7443393469e-01
-8.6191974580e-02,-3.9673097134e+00
2.3275194168e+00,-2.2916190624e+00
3.9591859095e-03,-3.7468976974e+00
-3.5393199921e+00,5.0953827798e-02
3.3321535587e-01,-3.6301894188e+00
-3.0097727776e+00,-2.5145342350e+00
-2.6724801064e+00,-2.9401049614e+00
-2.7824854851e+00,-2.7640764713e+00
-4.3725976944e+00,-2.0017351210e-01
4.9019950628e-01,-4.0502481461e+00
-3.7153782845e+00,-6.0200352222e-02
2.6223459244e+00,2.7763392925e+00
4.5833632350e-01,-3.5950114727e+00
-2.7304892540e+00,-2.7129092216e+00
-3.1529555321e+00,3.0909969807e+00
6.7255556583e-01,3.8769462109e+00
-4.3134922981e+00,-2.0098869503e-01
-2.9637286663e+00,-2.9061574936e+00
2.5848534107e+00,2.6730115414e+00
4.1735792160e+00,-4.5510646701e-01
2.5578482151e+00,-2.8320200443e+00
-3.0973775387e+00,-2.8962471485e+00
-2.4743638039e+00,-2.6333186626e+00
3.0039272308e+00,-3.1068496704e+00
4.1726741791e+00,-6.0716199875e-01
-2.1581683159e+00,2.9279949665e+00
-3.4153167158e-02,4.4918308258e+00
-2.5875909328e+00,-2.4015028477e+00
3.2289292812e+00,3.2514431477e+00
2.7584609985e+00,-2.5075793266e+00
3.4889414310e+00,-5.2503496408e-02
2.7640295029e-01,4.3688011169e+00
4.0628900528e+00,-3.4771978855e-02
3.7270343304e+00,-3.7428420782e-01
-6.2585902214e-01,4.6407437325e+00
2.6451632977e+00,-3.2519226074e+00
-3.8599638939e+00,2.0582830906e-01
-3.8778593540e+00,5.2394860983e-01
3.6545147896e+00,1.6369001567e-01
-3.6905968189e+00,-1.5185123682e-01
-2.7709586620e+00,-3.1017110348e+00
4.5427007675e+00,6.2268607318e-02
2.9065623283e+00,2.7538771629e+00
2.1251425147e-01,3.7384910583e+00
4.0885872841e+00,-1.2064626068e-01
-4.0516448021e+00,1.0286145657e-01
-3.0380549431e+00,2.4640271664e+00
2.7901375294e+00,2.9728758335e+00
3.7281780243e+00,-3.6374604702e-01
3.9337859154e+00,-1.9141159952e-01
3.9440083504e+00,-1.8401217461e-01
2.4076797962e+00,-2.7013607025e+00
3.9195725918e+00,-2.8298237920e-01
3.0220718384e+00,-3.3300828934e+00
-2.1935772896e+00,-2.4300229549e+00
3.7773816586e+00,2.6705348492e-01
4.1757974625e+00,-1.3169963658e-01
-3.7008035183e+00,1.5076848865e-01
2.9562473297e+00,2.3170170784e+00
-3.8122947216e+00,1.4381453395e-02
2.8597381115e+00,2.6988599300e+00
2.8709750175e+00,-3.1556804180e+00
-3.6123635769e+00,-3.3986403141e-03
-4.3169474602e+00,1.0369194299e-01
2.7015705109e+00,-2.7656388283e+00
2.7837500572e+00,-2.6173932552e+00
-2.3109612465e+00,-3.1602060795e+00
-2.5236043930e+00,-3.0234224796e+00
1.6993805766e-01,4.0892338753e+00
-3.0291652679e+00,2.7143146992e+00
-3.8774297237e+00,-7.2232469916e-02
3.4812283516e+00,-2.6508493423e+00
2.8228349686e+00,-3.0316803455e+00
2.4750496447e-01,-4.1993885040e+00
2.6865944862e+00,-2.6698999405e+00
3.0110595226e+00,-2.8895831108e+00
-4.5090835541e-02,-3.5783767700e+00
-3.2075009346e+00,-2.2943308353e+00
-3.1192238331e+00,2.8078062534e+00
-2.8767082691e+00,-2.4467370510e+00
-3.8819801807e+00,2.8403520584e-01
2.7882510424e-01,3.8471076488e+00
-5.7189464569e-01,-4.1626405716e+00
4.2903847694e+00,-4.7268775105e-01
3.5554153919e+00,2.1790535748e-01
-2.8595247269e+00,2.9562408924e+00
-2.4775960445e+00,2.5694277287e+00
-4.3192415237e+00,4.7276344895e-01
5.0716578960e-01,4.3650722504e+00
-3.0792486668e+00,-2.7741844654e+00
3.0757703781e+00,-2.8947486877e+00
-4.3351030350e+00,-2.7121898532e-01
4.1855368614e+00,4.8581749201e-01
4.1656651497e+00,-1.1140209436e-01
2.5598008633e+00,2.8152441978e+00
-2.8308858871e+00,3.0944085121e+00
-2.0692975819e-01,3.9133133888e+00
-3.2664189339e+00,2.8486328125e+00
2.8999297619e+00,2.8505012989e+00
-4.1311626434e+00,1.1451797932e-01
3.3247365952e+00,2.3554012775e+00
-2.9472239017e+00,3.0692632198e+00
3.0165457726e+00,-2.4096806049e+00
4.8442687988e+00,4.1553559899e-01
-2.7694399357e+00,3.3790392876e+00
2.1981723607e-01,-5.0387096405e+00
-2.6677613258e+00,-2.4941482544e+00
-4.2709960938e+00,1.5371674299e-01
-4.0016098022e+00,3.7107714452e-03
-4.2020502090e+00,-2.4384173751e-01
-2.6143186092e+00,-2.9438834190e+00
-2.6287915707e+00,3.1766719818e+00
-2.5752632618e+00,2.9431567192e+00
2.8788397312e+00,-2.5192315578e+00
-3.1506495476e+00,2.9231951237e+00
-3.8187341690e+00,3.8777671289e-03
-2.8037238121e+00,-2.6326572895e+00
-3.7881300449e+00,-2.4203477800e-01
3.0234391689e+00,-2.8418605328e+00
-2.4054760933e+00,3.0328147411e+00
4.2484354973e-01,-3.7319200039e+00
-3.2460649014e+00,3.5248546600e+00
3.4640657902e+00,-2.5645246506e+00
-3.3918058872e+00,-1.3965266943e-01
4.2677540779e+00,-2.5413683057e-01
-8.2401168346e-01,-4.4871187210e+00
3.5555257797e+00,-4.0741741657e-01
3.3870940208e+00,-2.2345750332e+00
-1.3101500273e-01,4.4023261070e+00
4.2752590179e+00,-2.8430435061e-01
-3.5442624092e+00,2.5498912334e+00
4.4843163490e+00,-2.1097560227e-01
-3.0771908760e+00,2.2519104481e+00
-2.7441201210e+00,-2.8457901478e+00
-6.5422844887e-01,-4.4501428604e+00
-3.7566480637e+00,4.1732406616e-01
-2.7106597424e+00,-2.7324857712e+00
-2.8058106899e+00,-2.7758843899e+00
4.1565928459e+00,-8.2329630852e-02
3.3944187164e+00,-2.9755001068e+00
2.3647503853e+00,-3.1318557262e+00
1.7779423296e-01,-4.3608236313e+00
3.9235079288e+00,4.4876918197e-01
-4.6507745981e-01,3.6199100018e+00
-3.0601909161e+00,2.8923120499e+00
2.5922608376e+00,2.9232141972e+00
-3.7014260888e-01,4.1201443672e+00
3.8509654999e+00,-7.6313465834e-03
2.9292271137e+00,-2.9743924141e+00
-3.7361061573e-01,-3.9448649883e+00
-1.5186108649e-01,-4.0160298347e+00
-3.2790715694e+00,2.6950647831e+00
2.9480147362e+00,2.5814108849e+00
-1.4921179414e-01,-4.2875418663e+00
4.1693644524e+00,-4.0440079570e-01
-2.8404221535e+00,-2.5015764236e+00
-2.2327618599e+00,2.0133385658e+00
3.9769652486e-01,-4.2186226845e+00
-1.1024172604e-01,3.9021215439e+00
-4.4222615659e-02,4.0499954224e+00
4.2017426491e+00,-5.6255304813e-01
2.7576401234e+00,2.5060071945e+00
-2.8900313377e-01,4.4145550728e+00
3.8714368343e+00,1.3543024659e-01
-4.2645630836e+00,-7.1733474731e-02
-3.0829746723e+00,2.5611841679e+00
3.2282896340e-02,-4.3750996590e+00
2.6945564747e+00,2.9090957642e+00
2.6933143139e+00,3.1402108669e+00
2.3968009651e-01,3.7936007977e+00
-4.1122260094e+00,3.3804318309e-01
-3.1163847446e+00,2.7701768875e+00
-3.1459534168e+00,3.1152083874e+00
-5.2111890167e-02,-4.2053451538e+00
-3.3185472488e+00,2.5262830257e+00
-2.1476604044e-01,-4.3153181076e+00
-3.2716298103e+00,-2.5500016212e+00
-3.1854369640e+00,2.2119572163e+00
-3.4951481819e+00,-2.5171246529e+00
-1.7691148818e-01,-4.9652757645e+00
3.7455708981e+00,2.0099619031e-01
2.8443803787e+00,-2.4721515179e+00
-2.8589078784e-01,4.4424533844e+00
-3.7074182034e+00,4.7186443210e-01
-2.6493152976e-01,-3.8979449272e+00
-2.9770669937e+00,-3.2388751507e+00
-2.2595039010e-01,3.8858215809e+00
-2.7850241661e+00,-2.6547710896e+00
3.3006207943e+00,2.9650433064e+00
-2.9363853931e+00,2.7720239162e+00
4.1702410579e-01,3.9852445126e+00
2.6217298508e+00,-2.7842216492e+00
-2.9095902443e+00,-2.8312244415e+00
2.8814671040e+00,-2.7685670853e+00
-3.9854364395e+00,-1.0674107075e-01
-2.6198187470e-01,-3.8260970116e+00
4.3141832352e+00,-5.0814140588e-02
2.9767601490e+00,-2.9161024094e+00
2.4175572395e+00,-2.5302281380e+00
3.0389382839e+00,-2.3268330097e+00
4.3068647385e+00,-1.7188556492e-01
-2.5935270786e+00,3.0871326923e+00
-3.5378844738e+00,-1.7233282328e-01
5.2309477329e-01,-4.0902194977e+00
-3.2017571926e+00,2.8669292927e+00
3.4098708630e-01,-4.0165939331e+00
2.6783444881e+00,-3.0264186859e+00
-2.5108129978e+00,-2.1636841297e+00
2.8809423447e+00,2.5882527828e+00
4.2431087494e+00,-2.4874244630e-01
1.1870472878e-01,4.1381187439e+00
-2.8292748928e+00,2.9168436527e+00
-2.9455370903e+00,-3.4602627754e+00
-4.9956906587e-02,3.8490552902e+00
3.5793437958e+00,-2.2950501740e-01
3.9979205132e+00,5.3085452318e-01
3.1113162041e+00,3.2673807144e+00
3.2723951340e+00,2.6585719585e+00
-2.4593925476e+00,2.8556776047e+00
-3.9551911354e+00,-2.8433078527e-01
4.2862267494e+00,4.4385850430e-01
2.8188464642e+00,-2.8156602383e+00
-4.4255561829e+00,2.9410138726e-01
-3.0777864456e+00,2.4574534893e+00
4.0483605862e-01,-4.2542295456e+00
4.2663893700e+00,2.9878637195e-01
-5.5574104190e-03,-4.1122355461e+00
-3.4036467075e+00,-2.8240180016e+00
-3.7964031696e+00,-4.0209528804e-01
-3.0825762749e+00,2.7377569675e+00
-2.7828810215e+00,-2.7657699585e+00
7.2834950686e-01,-4.0021758080e+00
-3.7443032265e+00,-3.8710018992e-01
-8.6166359484e-02,3.8898925781e+00
6.4285390079e-02,-3.8081786633e+00
2.2995538712e+00,-3.4118905067e+00
-2.6881365776e+00,-3.2263498306e+00
-2.8266158104e+00,-2.5043308735e+00
-8.5609257221e-02,-3.9941229820e+00
-2.5924398899e+00,-2.6332240105e+00
3.7184352875e+00,-1.0510170460e-01
3.7135448456e+00,-2.3402340710e-01
1.2379258871e-01,-4.6045746803e+00
-2.5030941963e+00,2.6236956120e+00
-4.1324117780e-01,4.2152185440e+00
-3.0480146408e-01,-4.1630878448e+00
-2.1013759077e-02,4.0302748680e+00
4.8459932208e-02,3.8847827911e+00
-2.8643877506e+00,2.3743369579e+00
3.5728890896e+00,7.2513274848e-02
-4.9387329817e-01,4.0760169029e+00
-3.4963274002e+00,3.2021398544e+00
3.0471756458e+00,-2.6800060272e+00
1.9325411320e-01,3.8574829102e+00
2.8140509129e+00,-3.1579282284e+00
-3.7372834682e+00,-1.7333954573e-01
-4.5610064268e-01,4.0756521225e+00
-1.8871144950e-01,-4.4054546356e+00
-1.3117963076e-01,4.0095295906e+00
-2.8303899765e+00,2.7005355358e+00
-2.4724793434e+00,3.2896180153e+00
4.1187873483e-01,-4.0903677940e+00
4.4031200409e+00,-4.4846662879e-01
-1.1105058342e-01,-4.1429123878e+00
3.6514067650e+00,5.6045550108e-01
3.7868721485e+00,-3.9573839307e-01
-4.2944717407e-01,4.1985650063e+00
-2.6076025963e+00,-2.9499804974e+00
-2.5261838436e+00,-2.4033312798e+00
-2.5751018524e+00,-2.4532389641e+00
2.8800866604e+00,2.7075207233e+00
-3.1397682428e-01,-3.9011964798e+00
-2.7452442646e+00,3.0164983273e+00
3.2517592907e+00,1.1179795116e-01
2.5341641903e+00,-2.8640067577e+00
-2.7385962009e+00,2.2961177826e+00
3.6481761932e+00,2.3528313264e-02
3.0924429893e+00,-2.9644670486e+00
8.4576755762e-01,3.5242609978e+00
-2.5021505356e+00,3.0687611103e+00
3.7656989098e+00,3.9676913619e-01
-3.5376555920e+00,2.7153422832e+00
7.9279415309e-02,3.7411785126e+00
2.7838077545e+00,3.2923245430e+00
-6.4005114138e-02,3.8308541775e+00
-3.6017015576e-01,4.0390682220e+00
-2.4584832191e+00,-2.4747712612e+00
2.4640781879e+00,-2.9372959137e+00
-2.5794498920e+00,-3.1656799316e+00
-2.7027506828e+00,2.8394601345e+00
-6.1019909382e-01,-4.1518878937e+00
3.9692552090e+00,4.5592102408e-01
-3.1390533447e+00,2.6085562706e+00
-3.5344872475e+00,-2.2602267563e-01
-3.3388566971e-01,-3.9690279961e+00
-4.3329191208e+00,-3.1656354666e-01
-1.1370696127e-01,-4.2112565041e+00
2.7490892410e+00,-2.7492339611e+00
-3.0881111622e+00,-3.5775780678e+00
-3.3470184803e+00,2.6390721798e+00
3.2691416740e+00,-2.5669147968e+00
-2.8074367046e+00,-2.8740422726e+00
-3.6262955666e+00,-8.7055720389e-02
-2.4345571995e+00,-2.7750749588e+00
8.3728007972e-02,-4.1418814659e+00
4.6243932843e-01,-3.7182745934e+00
-2.9653875828e+00,3.2448213100e+00
3.2390408516e+00,2.3347098827e+00
2.9178626537e+00,2.7281363010e+00
-9.9799357355e-02,-4.4498925209e+00
-4.2309227586e-01,4.0304841995e+00
3.9758942127e+00,-5.2412968129e-02
-4.2428069115e+00,2.7056032419e-01
-2.9840135574e+00,-2.6349074841e+00
2.7998421192e+00,-3.0055284500e+00
4.2396631241e+00,2.8486555815e-01
3.1339037418e+00,-2.8231174946e+00
8.2190647721e-02,4.0365681648e+00
2.1304531097e+00,3.0625138283e+00
-4.5704112053e+00,-3.3308976889e-01
2.7718479633e+00,2.7008638382e+00
-2.2569563389e+00,2.8069334030e+00
3.9589064121e+00,3.0253592134e-01
-4.7066802979e+00,3.8891589642e-01
-2.2044658661e+00,-3.3167483807e+00
-3.2684900761e+00,2.8711664677e+00
-3.9488799572e+00,3.4082341194e-01
9.3229487538e-02,-3.9490132332e+00
-4.0313415527e+00,4.8551462591e-02
3.8101820946e+00,6.7749507725e-03
-3.4187290668e+00,3.0865529180e-01
2.5095252991e+00,-3.0411672592e+00
-3.1297581196e+00,-2.6038227081e+00
3.2171406746e+00,2.3637180328e+00
-3.8945536613e+00,5.0201940536e-01
3.1764812469e+00,3.1119074821e+00
3.0401482582e+00,-3.0761151314e+00
2.4791510403e-01,4.3305654526e+00
-2.9926016331e+00,2.9249041080e+00
-3.0798971653e+00,-2.5835065842e+00
2.5623259544e+00,2.3244397640e+00
-2.7803649902e+00,-2.6895532608e+00
4.0846109390e+00,-2.2642919421e-01
-5.3009855747e-01,3.9450190067e+00
-3.1333825588e+00,-3.0120525360e+00
2.5046052933e+00,-2.9692845345e+00
-3.8966319561e+00,3.0347415805e-01
-3.4311707020e+00,2.9343557358e+00
-3.7327498198e-01,4.1938199997e+00
3.0448136330e+00,-2.5888102055e+00
-2.4548773766e+00,3.2257568836e+00
-2.2857556343e+00,-2.8797292709e+00
3.4947355743e-03,-3.8555862904e+00
-2.9852321148e+00,2.5363323689e+00
5.8944010735e-01,3.9007728100e+00
-2.6387758255e+00,-2.9443855286e+00
-3.2820563316e+00,2.8434288502e+00
-2.7562727928e+00,3.3058235645e+00
2.8270475864e+00,-2.7635142803e+00
2.3945655823e+00,3.0648453236e+00
-2.4691777229e+00,2.5037374496e+00
-3.1047198772e+00,2.8160865307e+00
-2.7037913799e+00,-2.3803784847e+00
4.9724736810e-01,-4.3474378586e+00
-1.8780981004e-01,4.2065787315e+00
1.6301880777e-01,-3.9337620735e+00
-2.3335888386e+00,-3.2913091183e+00
2.0592799783e-01,4.0865154266e+00
2.8483316302e-01,-3.9113962650e+00
2.7770812511e+00,2.7236895561e+00
-2.3707783222e+00,-2.6359333992e+00
-3.1897888184e+00,2.5125477314e+00
3.9587614536e+00,3.8661387563e-01
2.1179442406e+00,-3.0560207367e+00
-3.2317600250e+00,3.1234622002e+00
-4.0443840027e+00,4.1932445765e-01
-2.8475999832e+00,-2.7206764221e+00
-3.1151745319e+00,2.8809387684e+00
2.8126094341e+00,3.2261056900e+00
-2.9665732384e+00,-2.6493930817e+00
-2.7431528568e+00,-2.4524655342e+00
2.4473488331e+00,2.8427915573e+00
2.4227638543e-01,-3.6025335789e+00
4.2502503395e+00,6.0103571415e-01
1.4691525139e-02,-4.5079860687e+00
-3.3738145828e+00,-2.6198639870e+00
4.4807825089e+00,-4.6890359372e-02
2.5493879318e+00,-3.3163390160e+00
-3.9149761200e+00,3.6678155884e-03
-4.1074709892e+00,-2.8938117623e-01
2.7917339802e+00,2.5513463020e+00
2.3138611317e+00,2.8093774319e+00
3.8431355953e+00,1.2594844401e-01
3.2903151512e+00,-2.9558355808e+00
-3.4833848476e+00,-1.8824587762e-01
-4.2142181396e+00,-1.0377460159e-02
-3.0096030235e+00,-2.8272750378e+00
7.3338843882e-02,3.8503835201e+00
3.3275580406e+00,2.6598165035e+00
2.9350192547e+00,-3.0966258049e+00
-1.3853634894e-01,4.2630186081e+00
2.7572109699e+00,2.5791809559e+00
-3.2718081474e+00,-2.8080184460e+00
-1.3494873047e-01,3.9718089104e+00
4.0749788284e+00,-6.3514448702e-02
-2.8175179958e+00,-2.8500812054e+00
3.9846727848e+00,-3.2027119398e-01
-2.3723537922e+00,2.4250295162e+00
-6.3116800785e-01,-4.2570824623e+00
3.6742436886e-01,-4.3950934410e+00
-1.6069175303e-01,-4.5098118782e+00
-2.4599239826e+00,2.7163717747e+00
-3.1986000538e+00,-2.8590490818e+00
3.9112341404e+00,2.5199374557e-01
-3.9033460617e+00,-1.5634554625e-01
2.8925070763e+00,2.6494965553e+00
2.8129482269e+00,2.4634611607e+00
5.9045996517e-02,4.0904655457e+00
-3.1132128239e+00,3.0186281204e+00
-2.5964734554e+00,-2.5800578594e+00
4.2744243145e-01,-3.9107494354e+00
-7.7490979433e-01,-3.8884167671e+00
-3.1583664417e+00,-2.8206894398e+00
-3.3993976116e+00,-2.4592103958e+00
3.1730339527e+00,-2.3804152012e+00
-2.5616137981e+00,3.2041187286e+00
-3.7925562859e+00,-2.9119109735e-02
3.3603544235e+00,-3.1743590832e+00
-2.6052851677e+00,-2.8722953796e+00
-3.1126689911e-01,4.3174419403e+00
-2.8373026848e+00,2.7183253765e+00
3.3286674023e+00,2.8571496010e+00
-2.5562434196e+00,2.7727320194e+00
2.9840772152e+00,3.5601146221e+00
-2.3186493665e-02,-4.0155677795e+00
4.1144242287e+00,3.2236117125e-01
3.9507429600e+00,-8.7031841278e-02
2.6052930355e+00,-2.7037823200e+00
-2.8528275490e+00,2.7224245071e+00
7.6308748685e-03,-3.9608826637e+00
-2.3917081356e+00,-2.8088595867e+00
3.5811603069e+00,1.5926256776e-01
3.8365554810e-01,-3.8953208923e+00
-2.9375753403e+00,-2.9161086082e+00
4.0529956818e+00,1.7686484754e-01
-4.4504947662e+00,2.2253943980e-01
5.1113617420e-01,3.7210543156e+00
-2.5524241924e+00,-2.9037828445e+00
1.6348624229e-01,3.3770647049e+00
2.1841984242e-02,-3.9531607628e+00
2.9426836967e+00,-3.3049733639e+00
-2.6388025284e+00,3.1452450752e+00
-3.0314826965e+00,-2.8005611897e+00
-4.0498175621e+00,-3.2250392437e-01
3.8923444748e+00,-3.2966256142e-01
3.7649714947e+00,-6.1766695976e-01
-4.3140587807e+00,-1.2101677246e-02
-3.4530048370e+00,2.4872102737e+00
3.4611185547e-03,-4.1443943977e+00
-4.0460634232e+00,-4.7196155787e-01
-3.1500618458e+00,3.0296182632e+00
-1.8835684657e-01,-4.0854673386e+00
7.4783724546e-01,-4.3412489891e+00
4.0727910995e+00,2.1101547778e-01
2.6814277172e+00,-2.7914402485e+00
2.5592346191e+00,-2.7452304363e+00
3.0673980713e+00,-2.5726332664e+00
-1.6393461823e-01,-3.7293479443e+00
2.7403819561e+00,-2.7888150215e+00
2.6886544228e+00,-3.3031792641e+00
-4.1804490089e+00,-3.2754734159e-01
3.6258916855e+00,-4.9446526170e-01
-2.8117346764e+00,3.3312861919e+00
-3.2159724236e+00,-2.7292578220e+00
-5.5798453093e-01,3.9302089214e+00
4.6809470654e-01,-3.8563389778e+00
-1.3588106632e-01,4.0937685966e+00
-2.3396010399e+00,-2.3713400364e+00
5.1619023085e-01,-3.5133945942e+00
-7.4081641436e-01,-4.3734335899e+00
-2.8584196568e+00,2.8738043308e+00
-3.0568928719e+00,-2.5919692516e+00
3.0461628437e+00,-2.8168873787e+00
-3.0224070549e+00,-2.9048795700e+00
-2.6217644215e+00,-3.2191498280e+00
1.9986854494e-01,-3.6036443710e+00
3.5333905220e+00,4.4380065799e-01
-2.0423884690e-01,3.5708460808e+00
3.9409973621e+00,1.2340529263e-01
2.9000806808e+00,-2.8684523106e+00
3.3949174881e+00,-2.6737961769e+00
-2.6251655817e-01,3.2199792862e+00
-3.4223693609e-01,-3.8041062355e+00
-2.7774481773e+00,-2.4325585365e+00
4.2369070053e+00,7.5945064425e-02
-3.0135672092e+00,2.6013391018e+00
3.3603639603e+00,-2.6453778744e+00
-3.0080590248e+00,2.7454423904e+00
-3.1410622597e+00,2.4856426716e+00
-2.7742819786e+00,-2.2842283249e+00
-4.5174665451e+00,2.3107258976e-01
2.6283493042e+00,2.8184103966e+00
4.0841302872e+00,7.5513646007e-02
1.7895898223e-01,4.3288493156e+00
-4.1824336052e+00,-3.8930603862e-01
-2.8232750893e+00,2.8398032188e+00
-1.2542676926e-01,4.3512997627e+00
2.5848526955e+00,3.3826713562e+00
3.1312856674e+00,2.4995007515e+00
-2.8037877083e+00,-2.6562695503e+00
3.7462844849e+00,-3.1202501059e-01
3.0850133896e+00,2.8912918568e+00
9.4517394900e-02,-4.0554656982e+00
2.4602112770e+00,3.1161239147e+00
3.3489964008e+00,-2.8226706982e+00
-2.6124234200e+00,2.7742190361e+00
3.6336627007e+00,3.0682041645e+00
-1.2960256636e-01,3.7063064575e+00
-2.9232039452e+00,2.7882239819e+00
-3.0662124157e+00,-2.9504909515e+00
2.6248278618e+00,-2.2859585285e+00
2.6041913033e+00,2.8886725903e+00
-2.6690187454e+00,3.0968570709e+00
3.6501696110e+00,-2.4626712799e+00
-2.5672230721e+00,2.7933218479e+00
-2.6869657040e+00,2.7710900307e+00
-2.7499806881e+00,-2.6129870415e+00
2.8542971611e+00,-3.3158442974e+00
2.7225351334e+00,3.0350086689e+00
-4.1699914932e+00,-1.5030111372e-01
3.8808436394e+00,1.2157426775e-01
-4.1980767250e+00,-9.4613425434e-02
3.4238209724e+00,2.6308403015e+00
-4.2698426247e+00,-4.7816431522e-01
2.7384710312e+00,2.9971661568e+00
-2.4445207119e+00,-2.7735083103e+00
-3.0639586449e+00,2.7003142834e+00
-2.7454543114e+00,-2.5804505348e+00
-2.8795979023e+00,2.7279808521e+00
-2.9606480598e+00,2.6276626587e+00
-2.5693373680e+00,2.6046528816e+00
8.4113731282e-04,4.3297586441e+00
4.0950756073e+00,1.8203020096e-01
-2.9639883041e+00,-2.1077830791e+00
-2.6844418049e+00,3.3085303307e+00
-4.6927080154e+00,-9.4454959035e-02
2.8007123470e+00,2.5070104599e+00
2.7254545689e+00,-2.3497145176e+00
-2.1602831781e-01,-3.9546775818e+00
-9.4512805343e-02,3.5836243629e+00
2.1854867041e-01,-3.8234684467e+00
2.6058435440e+00,3.3638622761e+00
-2.4765489101e+00,-2.9240360260e+00
-1.6831858456e-01,3.8528335094e+00
5.0718109123e-03,4.3398857117e+00
3.1699123383e+00,-2.9233293533e+00
-2.9397156239e+00,2.9053409100e+00
2.9830574989e+00,3.2662084103e+00
-2.5350468159e+00,-2.6460142136e+00
-2.6690943241e+00,-2.4131915569e+00
5.7250950485e-02,-3.6976523399e+00
1.0536020249e-01,-4.0765891075e+00
-3.9806530476e+00,-4.1068401933e-01
-2.6882398129e+00,-2.8061807156e+00
2.3658035696e-01,3.3470563889e+00
3.0343499184e+00,-3.0961513519e+00
3.9434678555e+00,-8.1414490938e-02
2.6809418201e+00,-3.1219916344e+00
2.2952740192e+00,-2.5517737865e+00
-8.9497707784e-02,-3.7856526375e+00
-4.2924256325e+00,-3.7499031425e-01
2.2711410522e+00,3.1760995388e+00
-5.1092416048e-01,3.6656634808e+00
-4.1263899207e-01,-3.7990810871e+00
-4.0928654671e+00,-2.5902733207e-01
1.1788178235e-01,-4.4920978546e+00
-2.9575932026e+00,3.5012671947e+00
3.1225519180e+00,2.2693769932e+00
2.7809011936e+00,-2.9672498703e+00
-2.7825829983e+00,-2.4692268372e+00
2.6572432518e+00,2.6136682034e+00
2.5525362492e+00,-3.1079564095e+00
-2.8484983444e+00,-2.9787473679e+00
2.7502615452e+00,2.9328811169e+00
4.6187629700e+00,-1.0391027667e-02
4.1171975136e+00,5.8639526367e-01
-2.0175824165e+00,3.1640410423e+00
4.5988726616e+00,-5.3230743855e-02
2.6497858763e-01,4.1713681221e+00
-4.1344990730e+00,4.3743276596e-01
3.2259113789e+00,-2.7345533371e+00
3.1744251251e+00,-2.6483266354e+00
4.2683854103e+00,-1.5338885784e-01
-2.2054934502e+00,-2.9927258492e+00
3.9864153862e+00,3.9267081022e-01
-7.6774078608e-01,-3.8303823471e+00
-5.1538723707e-01,4.0517592430e+00
-3.1499168873e+00,2.8654050827e+00
2.2467674315e-01,-3.6891560555e+00
-5.2819326520e-02,3.7959251404e+00
-2.6444609165e+00,-2.7378659248e+00
-2.7302539349e+00,-3.1024005413e+00
-3.3931243420e-01,-3.8545663357e+00
4.1286783218e+00,2.5056576729e-01
-3.4770159721e+00,2.4453280866e-01
-2.8849020004e+00,2.7870011330e+00
2.6620142460e+00,3.0869014263e+00
-3.3567473888e+00,-2.4529259205e+00
-2.5647776127e+00,-2.8682343960e+00
-2.7159659863e+00,-3.0355153084e+00
3.2352607250e+00,-3.0953578949e+00
3.1640701294e+00,-2.9891507626e+00
2.0456176996e-01,-4.0924868584e+00
2.6611118317e+00,2.9417426586e+00
-2.5762078166e-01,4.0608024597e+00
2.6104593277e+00,-3.0806491375e+00
-2.7284862995e+00,2.9101293087e+00
3.7176778316e+00,-4.4377034903e-01
-3.9920063019e+00,1.3481870294e-01
2.7462577820e+00,2.2064149380e+00
-2.9530882835e+00,2.5921394825e+00
3.2298157215e+00,2.8487501144e+00
2.7852911949e+00,-3.3143427372e+00
-3.8930432796e+00,6.8256962299e-01
-3.8009393215e+00,1.5256202221e-01
-3.0943732262e+00,2.8991060257e+00
-6.6068613529e-01,-3.9528203011e+00
-2.9773817062e+00,-2.6874585152e+00
-4.1473552585e-01,4.5213575363e+00
-2.8491351604e+00,-3.0813603401e+00
2.9661855102e-01,3.7272589207e+00
3.6741715670e-01,-3.7800858021e+00
2.8701102734e+00,-3.2528438568e+00
2.6211426258e+00,2.8182904720e+00
3.4197196960e+00,-2.9388685226e+00
-7.4891239405e-02,3.7660915852e+00
2.3437530994e+00,2.4826080799e+00
-2.8682200909e+00,2.6845271587e+00
-4.0551443100e+00,-3.2328393310e-02
-3.0693271160e+00,3.1849467754e+00
-1.2403904647e-01,4.2292819023e+00
2.4430878162e+00,3.3741669655e+00
3.9189438820e+00,-1.4846695960e-01
3.7628595829e+00,1.6426476836e-01
2.4956991673e+00,2.6992907524e+00
3.8971481323e+00,-3.8636687398e-01
-2.7979857922e+00,-3.3554906845e+00
3.1953415871e+00,3.0150127411e+00
3.6361515522e-01,-3.6419353485e+00
2.4948056042e-01,3.3884797096e+00
1.0950434953e-01,-3.6588835716e+00
1.7449073493e-01,4.2984743118e+00
-2.8308889866e+00,-2.6103031635e+00
4.0510082245e+00,1.9484829158e-02
2.5018401146e+00,3.0193128586e+00
-3.0295865536e+00,2.5929598808e+00
-3.8538219929e+00,6.9905161858e-02
-3.1051442623e+00,3.0368967056e+00
-2.4927587509e+00,-3.6744885445e+00
2.6732513905e+00,3.0858473778e+00
4.3303856850e+00,4.3710508943e-01
-3.4761173725e+00,2.8548140526e+00
2.8001239300e+00,-2.3129658699e+00
3.4422698021e+00,2.9378292561e+00
3.0578107834e+00,2.4807474613e+00
3.0734786987e+00,3.0720875263e+00
3.8836532831e-01,-3.9588685036e+00
-3.2555729151e-01,4.2397303581e+00
-5.3788179159e-01,-4.3510494232e+00
-3.2050263882e+00,-3.0156495571e+00
-4.0799918175e+00,2.1549753845e-01
-2.3710329533e+00,-2.8570196629e+00
2.7906029224e+00,3.3915715218e+00
-3.9497528076e+00,2.7768796682e-01
-1.4818754792e-01,3.3629021645e+00
4.2297186852e+00,8.0633759499e-02
-2.9710352421e+00,-2.8995153904e+00
2.8225188255e+00,2.7573866844e+00
3.4679076672e+00,-3.0328512192e-01
2.9611685276e+00,2.5191683769e+00
2.9680180550e+00,2.5476703644e+00
-3.9921202660e+00,2.4359177053e-01
-7.4657239020e-02,-3.8040306568e+00
5.8319009840e-02,-3.8078396320e+00
-2.5841252804e+00,3.0661027431e+00
2.8127596378e+00,-3.1137707233e+00
-2.6519591808e+00,-2.7884929180e+00
-2.4485638738e-01,4.4443416595e+00
1.2354195118e-01,-4.8037118912e+00
2.5063903332e+00,-2.5727529526e+00
-3.9097018242e+00,-5.4223299026e-01
2.9599049091e+00,-3.2936456203e+00
6.1940568686e-01,3.9726831913e+00
-4.2925477028e+00,-2.2589229047e-01
-4.4042706490e+00,-3.1683969498e-01
5.8469474316e-01,4.2898588181e+00
-2.5729832649e+00,-3.4492471218e+00
3.3087747097e+00,-3.3113174438e+00
-3.9908778667e+00,4.7850468755e-01
-4.1601911187e-01,-4.0828070641e+00
3.0327126980e+00,-2.7348089218e+00
-2.6850194931e+00,-3.2814750671e+00
-2.5242245197e+00,-3.0804228783e+00
-6.2464389950e-02,4.0222663879e+00
1.9711710215e+00,2.5617971420e+00
-4.3175549507e+00,2.4703696370e-01
3.6426168680e-01,4.2379217148e+00
-3.6819579601e+00,-1.2393785641e-02
2.9982583523e+00,2.3381011486e+00
-2.9927845001e+00,-3.3169648647e+00
-3.2289919853e+00,-3.1138837337e+00
3.1109635830e+00,-2.9981102943e+00
-7.9589366913e-02,-3.9027585983e+00
-2.9424929619e+00,-3.3272376060e+00
2.7696537971e+00,3.1472051144e+00
-2.7922711372e+00,-3.1115980148e+00
2.9344069958e+00,-2.5049622059e+00
-2.9027919769e+00,3.0069563389e+00
-4.1162652969e+00,2.5481563807e-01
2.7141380310e+00,-2.5793173313e+00
-4.5267653465e-01,-4.1719279289e+00
-4.0926675797e+00,-1.9086220860e-01
2.7982234955e+00,-2.6069087982e+00
4.2898974419e+00,-8.6751535535e-02
3.0346155167e+00,-2.5260818005e+00
-3.1938254833e+00,-2.8395595029e-02
3.1335289478e+00,2.1896231174e+00
8.5327019915e-03,-4.1800251007e+00
3.2997510433e+00,-2.8303794861e+00
4.4751443863e+00,-8.7404447794e-01
2.9768831730e+00,2.6583294868e+00
3.0766797066e+00,-2.8995165825e+00
2.8443820477e+00,3.3667683601e+00
-1.8956099451e-01,-3.7327568531e+00
2.7268149853e+00,2.7307906151e+00
3.0268802643e+00,-2.9218409061e+00
-2.8696668148e+00,-2.7770965099e+00
-1.9467040896e-01,-4.4140810966e+00
2.7162015438e+00,2.3116610050e+00
4.3635851145e-01,3.6699845791e+00
2.4968380928e+00,-3.1290397644e+00
3.5219364166e+00,5.7595238090e-02
3.4974110126e-01,-3.9180042744e+00
3.0208351612e+00,-3.0027399063e+00
-4.4894871712e+00,1.6726832092e-01
2.9539432526e+00,2.6561107635e+00
-2.8965642452e+00,3.3385934830e+00
2.7283241749e+00,-2.7056760788e+00
5.0278681517e-01,4.2076802254e+00
-2.6533621550e-01,-4.6508555412e+00
4.2974739075e+00,1.3886162639e-01
3.4852962494e+00,2.7121086121e+00
-3.8717877865e+00,-4.0622031689e-01
-2.7282967567e+00,3.1527826786e+00
5.9063559771e-01,4.0464754105e+00
7.2701945901e-02,-3.9036114216e+00
2.8657207489e+00,2.6362953186e+00
2.6446323395e+00,3.4073777199e+00
6.6198073328e-02,-4.3546638489e+00
-2.2997746468e+00,2.7972447872e+00
-2.8627529144e+00,-2.6823234558e+00
-3.1172492504e+00,-2.7801721096e+00
2.6165292263e+00,2.9934921265e+00
-2.6749720573e+00,-2.3102548122e+00
-4.3562297821e+00,-2.0986530185e-01
-1.4038208127e-01,-3.9516711235e+00
-3.2548168302e-01,-3.5722498894e+00
-2.1420514584e+00,3.3015344143e+00
-2.7873055935e+00,-2.3426899910e+00
-1.2534311414e-01,-3.6119065285e+00
2.7572371960e+00,-2.7508964539e+00
-4.3137516975e+00,1.4220118523e-02
-3.8671209812e+00,-6.5374040604e-01
-3.0028569698e+00,-2.4495189190e+00
6.3609518111e-02,-4.0127120018e+00
-2.6591708660e+00,2.9181969166e+00
2.6921830177e+00,2.6400516033e+00
2.3810949326e+00,-2.8282153606e+00
3.4939107895e+00,3.0490636826e+00
-4.0209727287e+00,-1.1318349093e-01
-2.7659782767e-01,-4.2301626205e+00
-4.7011027336e+00,9.4172701240e-02
-3.3800354004e+00,-3.1095323563e+00
3.7090678215e+00,7.9149998724e-02
2.5753207207e+00,-3.1537399292e+00
-4.0330047607e+00,-4.7915095091e-01
-2.7822468281e+00,-2.2287197113e+00
3.0369286537e+00,2.8627524376e+00
-2.8187649250e+00,-2.6830782890e+00
-3.0542118549e+00,2.4763751030e+00
3.1122603416e+00,3.2562184334e+00
-3.7660324574e+00,-6.1414247751e-01
-2.2564981878e-01,4.8131008148e+00
3.6019952297e+00,2.7301199436e+00
2.0012743771e-01,3.9755549431e+00
4.4185695648e+00,-2.4977429211e-01
-3.0210270882e+00,2.9016416073e+00
-1.4571532607e-01,-3.4646582603e+00
-3.9656606317e-01,3.1670677662e+00
2.9402287006e+00,-2.8718650341e+00
-4.2463216782e+00,-3.8668394089e-01
2.7914741039e+00,2.6879930496e+00
-1.6829038039e-02,3.3798925877e+00
3.9821453094e+00,4.7737827897e-01
2.9054095745e+00,-2.4223947525e+00
-2.3054041862e+00,3.1857538223e+00
-3.9178552628e+00,-3.5283517838e-01
4.4538617134e+00,-4.3033686280e-01
2.9750144482e+00,-2.6614208221e+00
-3.6992461681e+00,-1.4599052258e-02
3.1700425148e+00,-2.8844482899e+00
2.9156665802e+00,-2.4962358475e+00
-2.9454674721e+00,3.1856982708e+00
-2.7532339096e+00,3.0037171841e+00
-5.0284430385e-02,-3.3940324783e+00
-4.3796238303e-01,-3.8083252907e+00
3.8993055820e+00,-8.3523064852e-02
3.0216681957e+00,3.0272824764e+00
2.8626661301e+00,2.9162738323e+00
-2.3859446049e+00,-2.1182372570e+00
-5.8230435848e-01,3.7902915478e+00
4.2117877007e+00,1.3062991202e-01
-2.5562472343e+00,-2.9354929924e+00
2.8892605305e+00,3.1401767731e+00
-3.1777039170e-01,-3.8152868748e+00
-3.3932087421e+00,-2.8654093742e+00
3.9693448544e+00,-1.3499958813e-01
4.1650015116e-01,-4.3442487717e+00
3.4236100316e-01,-4.4901738167e+00
-2.7317800522e+00,3.1872079372e+00
-2.0692541599e+00,-2.2802090645e+00
3.8320441246e+00,2.9179525375e-01
2.9835104942e+00,3.5488076210e+00
1.6702343524e-01,3.9784424305e+00
3.8621952534e+00,-8.8268205523e-02
-3.2554764748e+00,2.7757511139e+00
-1.7592552304e-01,-4.0132570267e+00
-1.0980799049e-01,4.3329329491e+00
-2.6322698593e+00,2.7814080715e+00
3.4002323151e+00,3.2100715637e+00
-2.1828485653e-02,4.0023646355e+00
3.5474970341e+00,-3.0112121105e+00
-3.3470895141e-02,3.9833834171e+00
2.6912529469e+00,2.5600430965e+00
2.4342422485e+00,3.1577353477e+00
-2.5937590748e-02,-4.3092551231e+00
4.0456891060e+00,9.4455726445e-02
4.1780281067e+00,6.6880904138e-02
2.7354328632e+00,2.5068702698e+00
-3.8443524837e+00,-1.9937684759e-02
2.7283570766e+00,-2.9793066978e+00
2.7104136944e+00,2.8359088898e+00
2.2621668875e-01,3.4355614185e+00
-2.1755404472e+00,-3.0452821255e+00
3.0933849812e+00,3.0741035938e+00
-2.7871942520e+00,-3.0220761299e+00
-2.9760966301e+00,2.9673223495e+00
3.5938969254e-01,-4.9836907387e+00
3.4257016182e+00,6.9940067828e-02
2.8020732403e+00,2.7420918941e+00
-4.8134598136e-01,3.8031919003e+00
2.4853909016e-01,-4.0236759186e+00
2.8058366776e+00,2.6295585632e+00
2.8582849503e+00,-2.8230102062e+00
-2.8409075737e+00,2.7785472870e+00
3.0809342861e+00,-3.1979649067e+00
3.6997091770e+00,1.0003717989e-01
3.9811418056e+00,-6.5191608667e-01
2.7080636024e+00,-2.4435658455e+00
2.7160980701e+00,-2.4663507938e+00
3.2866609097e+00,3.3599166870e+00
2.1597065926e+00,2.9830603600e+00
-4.0290927887e+00,1.7146937316e-03
-2.2754284739e-01,3.5843596458e+00
2.5642557144e+00,-2.7562179565e+00
-4.2697572708e+00,-6.3540828228e-01
7.9981006682e-02,3.8335952759e+00
-2.7009387016e+00,2.8662595749e+00
2.4746732712e+00,-2.5876712799e+00
-3.6385254860e+00,3.5073736310e-01
-3.7063832283e+00,1.6310390085e-02
3.6601347923e+00,-1.9137177616e-02
4.1785612106e+00,7.8821048141e-02
-3.2959253788e+00,-2.9504649639e+00
-7.4560046196e-01,3.9501621723e+00
3.1631104946e+00,-2.7174105644e+00
2.9130823612e+00,2.5711891651e+00
4.3417887688e+00,2.0946717262e-01
4.3947296143e+00,-2.3164179921e-01
2.6146240234e+00,2.5781960487e+00
-2.7833381295e-01,-3.6631078720e+00
-2.8841624260e+00,-2.6328649521e+00
2.9580669403e+00,-2.8087451458e+00
3.0103070736e+00,3.0920619965e+00
-2.5053067207e+00,2.9634587765e+00
-3.0781182647e-01,-4.4887914658e+00
4.8249620199e-01,4.1582565308e+00
3.1174436212e-01,-3.8492727280e+00
2.5381049514e-01,-4.1338701248e+00
-8.3694972098e-02,4.3781137466e+00
-2.7668478489e+00,2.3427145481e+00
6.1018854380e-01,4.1795821190e+00
2.3725512624e-01,-4.0425119400e+00
-3.5130178928e-01,3.9533176422e+00
2.5154304504e+00,2.5076930523e+00
-2.8400652409e+00,-2.7163634300e+00
-3.4339585900e-01,3.6432361603e+00
2.7294538021e+00,2.7453560829e+00
3.6503863335e+00,7.0396810770e-02
-3.8007197380e+00,-3.5439875722e-01
-2.7529542446e+00,-2.2460670471e+00
5.9996098280e-01,4.0687875748e+00
3.3095250130e+00,2.9867649078e+00
-4.1395635605e+00,5.0901312381e-02
-2.7816951275e+00,-2.2854886055e+00
4.0629324913e+00,-1.6610756516e-01
3.3848934174e+00,1.7009669542e-01
2.9075558186e+00,3.1234073639e+00
-2.8453900814e+00,2.8340120316e+00
2.9447624683e+00,-2.7825584412e+00
-2.8535885811e+00,2.7124147415e+00
1.0019382089e-01,4.2990374565e+00
-2.6492062956e-02,3.5988023281e+00
4.4601578712e+00,-5.3004169464e-01
-2.4823215008e+00,3.2633011341e+00
3.6957261562e+00,1.2018829584e-01
4.8666507006e-02,-4.0238032341e+00
-3.2937397957e+00,-3.2648274899e+00
3.7076485157e+00,5.9521335363e-01
2.8124401569e+00,-2.9155039787e+00
-8.3891587565e-04,-4.0450267792e+00
2.6126794815e+00,-2.8723497391e+00
2.5062212944e+00,-2.9073171616e+00
5.4317170382e-01,4.1651029587e+00
-2.7050781250e+00,2.6684985161e+00
2.2625808716e+00,-3.1663620472e+00
-4.0728921890e+00,-6.4109869301e-02
4.0738418698e-01,-4.1109070778e+00
2.5468003750e-01,-4.0942606926e+00
-2.9325363636e+00,2.4096434116e+00
-4.0738410950e+00,4.9760720134e-01
-2.4178063869e+00,2.9874072075e+00
2.7065088749e+00,3.1103723049e+00
-3.2933299541e+00,2.7044429779e+00
-2.5219495296e+00,2.5065951347e+00
-4.2201128006e+00,-1.5787743032e-03
-2.7165367603e+00,3.0976638794e+00
-4.4601994753e-01,3.5767667294e+00
-2.7596905231e+00,-3.3500368595e+00
3.9916610718e+00,3.8696536422e-01
4.1300334930e+00,2.2818489373e-01
3.2084810734e+00,-3.1073441505e+00
2.9874048233e+00,-3.1545968056e+00
3.6355814934e+00,-1.0983853042e-01
4.3328366280e+00,3.2547745109e-01
-3.9759252071e+00,-1.1792292446e-01
4.1836280823e+00,4.7888439894e-01
2.9767352343e-01,-4.2574748993e+00
1.1222021282e-01,3.7907958031e+00
-1.2691119313e-01,-4.3358497620e+00
3.0945346355e+00,-3.2339954376e+00
-5.0981134176e-02,-3.9264628887e+00
-3.6655750275e+00,-2.5208878517e-01
3.0019056797e+00,-2.7931165695e+00
2.8025429249e+00,-2.9028296471e+00
-2.8142251968e+00,2.3589751720e+00
2.9908289909e+00,2.8136758804e+00
3.8464004993e+00,-1.9273640215e-01
2.9565930367e+00,-3.0197918415e+00
4.3420100212e+00,-3.3744674921e-01
3.4247907996e-01,3.9427831173e+00
1.7377160490e-01,-3.7130382061e+00
-2.6681950092e+00,-2.5289301872e+00
-2.2522146702e+00,2.6543729305e+00
-4.0281157494e+00,3.4849468619e-02
-3.1369718909e-01,3.8846254349e+00
2.3967349529e+00,-2.5555493832e+00
-4.5253959298e-01,-4.3264293671e+00
-4.3252482414e+00,-3.4753924608e-01
-7.4968598783e-02,-3.8079566956e+00
3.1338140965e+00,-3.0787830353e+00
-4.2801947594e+00,2.1881381050e-02
3.0818924904e+00,-2.5234310627e+00
-4.5904049277e-01,-4.0317978859e+00
3.1852021217e+00,-2.6836814880e+00
-3.2314393520e+00,2.8504228592e+00
8.1908482313e-01,3.8530075550e+00
-2.7986462116e+00,2.7850260735e+00
-6.6377925873e-01,-3.8298125267e+00
-4.2897930145e+00,-2.3967231810e-01
-1.9986931980e-01,4.2607450485e+00
2.9257047176e+00,2.4809355736e+00
2.4574549198e+00,2.4840602875e+00
3.0802710056e+00,-2.6302936077e+00
-4.2824134231e-02,-3.9182472229e+00
-2.7940781116e+00,2.7987818718e+00
-2.7777280807e+00,-2.4971342087e+00
3.7898411751e+00,-3.4336466342e-02
-4.1402425766e+00,-2.0121344924e-01
1.5344147384e-01,-3.7405099869e+00
-1.0380382836e-01,-3.9725115299e+00
-4.6958690882e-01,3.9352955818e+00
-3.1923379898e+00,2.7305092812e+00
-2.5153675675e-01,3.8053591251e+00
-2.4107773304e+00,-3.2293472290e+00
4.5198974609e+00,-2.5589021388e-03
3.6161932945e+00,3.5684961081e-01
2.8534808159e+00,2.9054362774e+00
2.3401727676e+00,2.8707301617e+00
3.1205594540e+00,-2.8909237385e+00
-3.4212956429e+00,3.1117725372e+00
-2.9854369164e+00,3.3796963692e+00
-3.9605773985e-02,-3.4922323227e+00
-4.1519274712e+00,4.3973740190e-02
3.3094043732e+00,-4.0271818638e-01
-2.8573493958e+00,3.2730817795e+00
3.3832246065e-01,3.6007225513e+00
-2.7615511417e+00,-2.9761013985e+00
-2.7620787621e+00,2.8425366879e+00
5.1910609007e-01,-3.6778399944e+00
2.8449609280e+00,2.5509340763e+00
-8.7636500597e-02,-4.1444301605e+00
5.0490027666e-01,3.4054574966e+00
3.1102008820e+00,2.9860632420e+00
3.4297578335e+00,-2.5481138229e+00
2.6655089855e+00,-2.6505141258e+00
-2.7420647144e+00,3.3583574295e+00
-3.1158070564e+00,3.0500750542e+00
2.5526986122e+00,2.4084985256e+00
2.8423557281e+00,2.8382790089e+00
-2.9287848473e+00,3.2555718422e+00
-2.7388129234e+00,-2.6492996216e+00
2.3405294418e+00,2.2952554226e+00
-2.8098800778e-01,-4.1049404144e+00
3.0767199993e+00,-3.4953231812e+00
2.6110377312e+00,2.5158603191e+00
-3.7605943680e+00,4.1227392852e-02
2.5638010502e+00,3.1744723320e+00
-3.9400751591e+00,-7.2295285761e-02
-3.3795922995e-01,-4.2487506866e+00
-2.4335222244e+00,-2.7541952133e+00
-4.2337384224e+00,-9.6834868193e-02
-3.1539251804e+00,3.1094999313e+00
3.8238158822e-01,-4.5791139603e+00
4.1974182129e+00,4.4771498442e-01
-2.8192543983e+00,3.1675574780e+00
-2.6033658981e+00,-2.5567200184e+00
4.0533676147e+00,-9.4625487924e-02
-3.7169237137e+00,-3.6402419209e-01
-3.6869928837e+00,6.1673086882e-01
1.7152061686e-02,-4.0054907799e+00
3.2591886520e+00,-2.7766098976e+00
-2.2704450786e-01,3.9104311466e+00
-2.9317951202e+00,2.7955105305e+00
3.9509303570e+00,3.4912871342e-05
-1.0815782100e-01,4.0985488892e+00
-4.2688307166e-01,-4.6217441559e+00
1.4845132828e-01,3.8328487873e+00
2.6120769978e+00,2.9496653080e+00
2.3515808582e+00,-2.8161404133e+00
-3.0134613514e+00,3.0793964863e+00
2.8438806534e+00,-2.1303939819e+00
3.5348849297e+00,2.0578368008e-01
-2.2281888872e-02,-4.0805687904e+00
2.8287456036e+00,2.7507317066e+00
-5.5926557630e-02,4.6236333847e+00
-3.8144674301e+00,1.5913859010e-01
2.6635830402e+00,3.2466204166e+00
-3.0239617825e+00,-3.1791977882e+00
-3.1475319862e+00,-2.7285680771e+00
-2.1428003311e+00,-3.2434391975e+00
3.4445577860e-01,-3.7617859840e+00
4.0698280334e+00,-1.9057403505e-01
-4.1394696236e+00,1.4881657064e-01
-2.6218714714e+00,2.8251104355e+00
-1.0680117458e-01,-3.8076958656e+00
4.6951594949e-01,3.8831646442e+00
4.5361885428e-01,4.0423293114e+00
-4.3562755585e+00,-9.7940135747e-03
4.2075600624e+00,-3.2448500395e-01
3.0083868504e+00,-2.8005888462e+00
3.0376217365e+00,2.8991181850e+00
2.3619432449e+00,-2.2016906738e+00
4.0109658241e+00,9.9039562047e-02
2.2451250255e-01,4.0030698776e+00
2.9795196056e+00,3.1522269249e+00
-4.0762553215e+00,1.6280573606e-01
3.5909330845e+00,2.2210743278e-02
2.4544634819e+00,-3.3564264774e+00
2.1379106045e+00,-3.1860001087e+00
2.9988367558e+00,2.3270287514e+00
2.5493633747e+00,-2.9673912525e+00
-3.7438852787e+00,-2.5755754113e-01
4.1249198914e+00,6.3785903156e-02
1.8677544594e-01,4.0598897934e+00
-3.2942364216e+00,-5.2459436655e-01
-4.3419432640e+00,2.9118826985e-01
-3.8478851318e+00,-1.1679972708e-01
2.1487027407e-01,4.1367278099e+00
-2.8492846489e+00,3.1300768852e+00
3.1295959949e+00,-2.7689580917e+00
2.9824042320e+00,3.1201093197e+00
3.2652988434e+00,-2.8802440166e+00
-4.4977540970e+00,-1.2338896096e-01
4.3791988492e-01,3.7191226482e+00
-2.7240052223e+00,2.8851091862e+00
-3.4338769913e+00,-3.3340148926e+00
2.7363450527e+00,2.8567669392e+00
-4.1155591011e+00,3.0591249466e-01
-1.7268042266e-01,3.9342050552e+00
3.9202537537e+00,-5.7647711039e-01
-2.8389348984e+00,-3.1524119377e+00
-2.1389565468e+00,2.4675538540e+00
-4.4913330078e+00,-1.2089374661e-01
-2.2808904648e+00,2.6952242851e+00
2.8674795628e+00,2.4968986511e+00
-2.1433718503e-02,3.6677927971e+00
3.2051668167e+00,2.9805946350e+00
3.9925851822e+00,1.1130813509e-01
-3.0119254589e+00,-3.0320439339e+00
-6.3668996096e-02,-4.4195637703e+00
-3.8736867905e+00,-1.8820913136e-01
3.4323465824e+00,-2.6363430023e+00
2.6757316589e+00,-3.2635047436e+00
-2.4818849564e+00,3.1232328415e+00
2.8654804230e+00,3.3982071877e+00
3.0375852585e+00,2.8952176571e+00
2.5228214264e+00,-2.9053344727e+00
-2.7385542393e+00,-2.9461784363e+00
2.7735176086e+00,-2.6857490540e+00
-4.7965922356e+00,2.8234320879e-01
-5.5425246246e-03,-4.5723276138e+00
2.7349939346e+00,3.0470817089e+00
3.7807714939e+00,6.8214333057e-01
2.9281852245e+00,-2.3248007298e+00
4.7919335961e-01,-4.2730998993e+00
-2.8264586926e+00,-3.0944120884e+00
-4.3097095490e+00,-9.7161762416e-02
2.5247917175e+00,-2.6106348038e+00
-2.8623263836e+00,-3.0901017189e+00
3.7378354073e+00,1.2492583692e-01
-2.9455344677e+00,2.2508234978e+00
2.6882750988e+00,3.2767684460e+00
-4.4688510895e+00,2.6193210483e-01
-2.9537258148e+00,-2.8530421257e+00
2.5382125378e+00,2.7383401394e+00
-1.9280577078e-02,4.1481752396e+00
-3.9338407516e+00,4.9508759379e-01
-1.3565587997e-01,3.4801988602e+00
3.0524699688e+00,2.5110685825e+00
2.3108353615e+00,-3.1436824799e+00
-2.5360608101e+00,2.8651130199e+00
-2.8576989174e+00,-2.8840386868e+00
-3.7618994713e+00,-7.4030451477e-02
2.7307069302e+00,-2.9407210350e+00
-3.0901920795e+00,-2.2074692249e+00
-2.3140424490e-01,4.0045952797e+00
-1.2668326497e-01,-3.9633569717e+00
-1.2809988856e-01,4.0890922546e+00
2.3266491890e+00,-2.9949812889e+00
-2.1218116581e-01,-4.1487078667e+00
-3.4742683172e-01,-3.9955687523e+00
3.3228640556e+00,2.6195878983e+00
-4.5438554138e-02,3.6917212009e+00
-5.7297277451e-01,3.0526976585e+00
-2.9008703232e+00,-2.6155040264e+00
2.1784138680e+00,2.7242941856e+00
3.4015548229e+00,-1.6981354356e-01
-2.7702704072e-01,4.3635764122e+00
2.3430745304e-01,3.9359009266e+00
3.1127924919e+00,-2.8260221481e+00
-3.7295061350e-01,3.2869455814e+00
3.6990225315e+00,9.0882211924e-02
4.1219391823e+00,-2.3937006481e-03
-2.6426613331e+00,-3.1324193478e+00
-2.9707622528e+00,-2.2314560413e+00
2.7180755138e+00,2.2611966133e+00
-2.7574248314e+00,2.8165948391e+00
-3.6638660431e+00,3.3148522377e+00
2.7177670598e-01,-4.7510132790e+00
2.4370739460e+00,-3.1833965778e+00
-4.8330180347e-02,4.2920994759e+00
-2.7782133222e-01,-3.8909847736e+00
3.1384084225e+00,2.6636018753e+00
-2.6057329178e+00,2.8466026783e+00
2.8240840435e+00,-2.5799596310e+00
-5.2272766829e-01,-4.2384991646e+00
-4.1131935120e+00,-2.7673053741e-01
-3.8670401573e+00,-1.5372365713e-01
-8.0997496843e-02,-3.2250428200e+00
-3.9555342197e+00,-3.4276580811e-01
5.1511657238e-01,-4.2954735756e+00
3.1194727421e+00,-2.6417939663e+00
-4.0247063637e+00,-3.7538686395e-01
-3.0198221207e+00,-3.2108275890e+00
-1.9034914672e-01,4.0619158745e+00
4.2476067543e+00,1.9466413558e-01
2.5206203461e+00,3.4091608524e+00
3.0375790596e+00,-2.9636671543e+00
-3.1854801178e+00,3.0556221008e+00
-4.4096155167e+00,-5.1313333213e-02
2.6128821373e+00,-2.6212708950e+00
-2.2740480900e+00,-3.3281717300e+00
2.8504190445e+00,-2.9845731258e+00
9.1926388443e-02,4.4687786102e+00
-2.7577216625e+00,-2.9786849022e+00
3.8598978519e+00,-1.9822402298e-01
-3.0873293877e+00,2.7627503872e+00
2.9106290340e+00,3.1304988861e+00
-3.0234148502e+00,-3.0175273418e+00
4.2616729736e+00,-9.9021337926e-02
-4.3888330460e+00,4.3764080852e-02
3.8941802979e+00,-1.8521172926e-02
-4.4575033188e+00,1.1557912081e-01
3.3331537247e-01,-3.9973053932e+00
-2.8359045982e+00,-2.8000123501e+00
3.9000332355e+00,-4.7008565068e-01
-2.5189054012e-01,4.0269761086e+00
-2.9649477005e+00,-2.5679452419e+00
-2.9831514359e+00,2.9854087830e+00
-3.7710323334e+00,-4.5683693141e-02
2.7032165527e+00,2.4927868843e+00
-3.3360382915e-01,3.4618725777e+00
-4.2169113159e+00,-3.7208452821e-01
2.8485524654e+00,-2.9693937302e+00
2.8370101452e+00,-2.5754680634e+00
-4.2972030640e+00,-3.7947991490e-01
1.2677849829e-01,4.3315157890e+00
-6.0061466694e-01,4.2093110085e+00
3.6688609123e+00,2.2013637424e-01
4.0284123421e+00,2.5392777752e-03
-4.1304445267e+00,-8.2641690969e-02
-1.1252263933e-01,4.2884764671e+00
5.6839499623e-02,-3.6458353996e+00
-3.7690699100e+00,-2.1226257086e-01
-2.7009713650e+00,-3.0730781555e+00
3.6707265377e+00,2.5044137239e-01
-3.5941720009e+00,-1.5375362709e-02
-2.8560199738e+00,-2.7745878696e+00
2.5384366512e+00,2.5393939018e+00
-3.8966925144e+00,-3.1903290749e-01
-3.1995719671e-01,4.1231307983e+00
7.6120592654e-02,-3.9151728153e+00
-3.0079743862e+00,-3.1887602806e+00
-3.9035501480e+00,-1.9221390784e-01
1.7297419906e-01,3.9397470951e+00
3.0119173527e+00,2.6746110916e+00
4.0656437874e+00,1.8608690798e-01
6.5042650700e-01,3.7777073383e+00
-2.8909664154e+00,-2.8338913918e+00
3.2987809181e+00,2.3419001102e+00
-2.0302914083e-01,-4.2820525169e+00
-3.0838265419e+00,2.6797721386e+00
-1.9266492128e-01,-3.5946745872e+00
-1.3245080411e-01,4.2968330383e+00
3.7482223511e+00,4.1656979918e-01
2.6129027829e-02,3.5189223289e+00
2.7203273773e+00,2.9648838043e+00
3.5281150341e+00,-1.1988734454e-01
-3.0083112717e+00,-2.5145664215e+00
-2.5547404289e+00,-2.5308363438e+00
-3.6505076885e+00,2.4443402886e-01
-3.9687160403e-02,3.9945487976e+00
2.5679910183e-01,-4.3581209183e+00
-2.7750239372e+00,3.1864364147e+00
2.5321865082e-01,-3.9961330891e+00
2.8384027481e+00,-2.7101609707e+00
2.8249752522e+00,2.6596789360e+00
-4.0056018829e+00,-1.3164531440e-02
-3.0793547630e+00,-3.0694522858e+00
-3.3557312489e+00,4.6221654862e-02
-2.9238758087e+00,2.9239938259e+00
2.7963523865e+00,2.2864279747e+00
2.8214237094e-01,3.8302059174e+00
-2.9398710728e+00,-3.2341806889e+00
2.5943555832e+00,-2.9399647713e+00
-3.3160328865e+00,2.9344985485e+00
-2.7239005566e+00,-3.3243057728e+00
-3.8131067157e-01,-4.2107858658e+00
2.0908222198e+00,-3.0432741642e+00
-3.3877542019e+00,2.8697311878e+00
4.8927688599e+00,4.4768413901e-01
4.3521885872e+00,2.7921056747e-01
-2.8683598042e+00,-3.3024032116e+00
-3.4973397255e+00,8.9911304414e-02
5.5479425937e-02,-3.7891168594e+00
4.3708615303e+00,4.7220373154e-01
4.0653047562e+00,-4.3358671665e-01
1.1921197921e-01,-4.0811853409e+00
-4.0726547241e+00,-2.3445136845e-01
-3.4850442410e-01,-4.0410485268e+00
3.1572370529e+00,2.8138337135e+00
-2.5356271267e+00,2.7865307331e+00
2.9735743999e+00,2.8038697243e+00
-9.0313732624e-02,-4.3074316978e+00
4.2247204781e+00,1.3406275213e-01
3.7814942002e-01,3.8167037964e+00
-2.7302033901e+00,3.0998210907e+00
-3.7359685898e+00,-4.9622783065e-01
2.9655501842e+00,-2.9214887619e+00
-2.9031723738e-01,3.5996575356e+00
-1.1261711270e-01,3.6184434891e+00
-2.7835435867e+00,3.1071937084e+00
-2.7150133252e-01,-4.0216407776e+00
2.5201234818e+00,2.9206888676e+00
1.9664700329e-01,-3.8458294868e+00
-5.0324702263e-01,-4.4883460999e+00
-2.7557632327e-01,-3.9532268047e+00
-4.2274413109e+00,-3.3110302687e-01
4.1586246490e+00,2.1930496395e-01
-3.4740641713e-01,3.9595711231e+00
4.8157405853e+00,-3.4846395254e-01
-7.8456491232e-02,-4.0663347244e+00
-7.7482521534e-02,-3.5493652821e+00
4.2629423141e+00,1.3730065525e-01
2.7286608219e+00,-2.5510823727e+00
-2.3913979530e+00,-2.8128371239e+00
6.7829534411e-02,3.6229567528e+00
-3.7567627430e+00,-6.7917488515e-02
-3.3841925859e-01,-3.7465062141e+00
-2.4302597046e+00,3.4207336903e+00
-3.9176037312e+00,5.3320717812e-01
-5.5379199982e-01,-3.9731805325e+00
2.8556532860e+00,-2.6354551315e+00
3.1611528397e+00,-2.4681944847e+00
-2.1872217953e-01,-3.9678390026e+00
-2.9243724346e+00,-2.6203236580e+00
-3.9808301926e+00,1.8233209848e-01
4.2186956853e-03,4.1224246025e+00
2.7012529373e+00,-3.0018227100e+00
-4.0974628180e-02,4.4725866318e+00
-2.5282475948e+00,2.8552169800e+00
2.0244148374e-01,-3.9180181026e+00
2.5860891342e+00,3.4409406185e+00
4.3122591972e+00,-5.8542486280e-02
2.6977899075e+00,-3.0105967522e+00
-2.8361179829e+00,2.5494976044e+00
-2.1513209343e+00,-2.8533644676e+00
-2.2163665295e+00,2.7419507504e+00
-4.0553170443e-01,4.0659060478e+00
2.7913150787e+00,-2.2672946453e+00
2.7686345577e+00,3.1450467110e+00
-4.3060412407e+00,-1.6722925007e-01
-1.2001413107e-01,-3.8772046566e+00
4.3565964699e+00,-1.7528864741e-01
-2.7004601955e+00,3.0278823376e+00
-3.9759962559e+00,-6.8803397007e-03
4.5241095126e-02,3.9623661041e+00
-2.4092037678e+00,-3.3252353668e+00
-2.5702564716e+00,2.9463193417e+00
3.7940692902e+00,4.5126855373e-01
3.0040676594e+00,2.7554740906e+00
2.5510525703e+00,-2.7755134106e+00
9.4217911828e-04,4.4388403893e+00
2.9115045071e+00,-3.4244191647e+00
-2.7902231216e+00,2.4724204540e+00
4.3415312767e+00,-2.1125251055e-01
2.2957019806e+00,-3.1899666786e+00
6.4509296417e-01,3.6972787380e+00
-2.6037108898e+00,-2.6970133781e+00
-5.4148286581e-01,3.7558515072e+00
-4.1596226692e+00,3.9569041133e-01
3.5531466007e+00,5.1561232656e-02
-2.3301218450e-01,3.8787956238e+00
3.7785923481e+00,-4.1074356437e-01
3.2119095325e+00,-2.9044904709e+00
2.7578749657e+00,-2.6939222813e+00
-1.1780872196e-01,3.8170473576e+00
-2.6052997112e+00,2.8033919334e+00
4.0051436424e+00,1.8667784333e-01
4.1773951054e-01,-4.3034863472e+00
2.7513029575e+00,-3.5307567120e+00
1.0502590984e-01,3.7386152744e+00
-2.5919852778e-02,-4.3115501404e+00
2.1814069748e+00,-2.9425735474e+00
-3.0199632645e+00,2.4430680275e+00
2.1975952387e-01,-4.1179752350e+00
-2.9376502037e+00,2.7072567940e+00
-2.7853614092e-01,3.7001101971e+00
3.7033760548e+00,-1.8748147786e-01
4.3462996483e+00,-2.4815335870e-01
-2.2306289673e+00,-2.9569623470e+00
2.5082304478e+00,-3.1768796444e+00
-2.4583811760e+00,-2.9564919472e+00
1.3256777823e-01,4.2661881447e+00
3.4989755154e+00,-2.6565837860e-01
-2.9962625504e+00,-3.1336383820e+00
-3.9089684486e+00,4.9742087722e-01
-2.7077901363e+00,-2.9083065987e+00
4.4300532341e+00,1.4717657864e-01
-4.0111861229e+00,-3.7357786298e-01
-2.7289340496e+00,3.2174296379e+00
-3.6122643948e-01,-4.4277081490e+00
2.7440865040e+00,-2.5276849270e+00
3.4359589219e-01,4.4484391212e+00
4.3889207840e+00,6.4064019918e-01
2.2559819221e+00,-2.7792053223e+00
3.7002730370e+00,-1.0885737091e-01
-2.0697150230e+00,-2.6983621120e+00
4.5124492049e-01,3.8970656395e+00
-1.5098123252e-01,-3.7120022774e+00
-1.7931081355e-01,-4.2281703949e+00
1.8721508980e-01,-3.8686733246e+00
-3.6367230415e+00,-3.1378126144e+00
-3.8911328316e+00,-2.2891107947e-02
-2.5769829750e+00,3.0450429916e+00
-2.6746807098e+00,2.6660168171e+00
4.0963387489e+00,-3.1271523237e-01
3.8609344959e+00,-3.4277956933e-02
-3.8084657192e+00,-5.1558755338e-02
2.7146949768e+00,2.9105708599e+00
-5.5727377534e-02,3.8885271549e+00
-2.3817942142e+00,2.4425687790e+00
-2.9533805847e+00,-2.8189005852e+00
-4.2330756187e+00,-3.0159965158e-01
2.7636964321e+00,2.8206737041e+00
2.5799586773e+00,3.4818348885e+00
4.0647740364e+00,-2.2221337259e-01
-3.8876483440e+00,-1.9749367610e-02
5.6623595953e-01,4.1567978859e+00
-2.9085483551e+00,2.6111454964e+00
-2.2951149940e-01,3.8817036152e+00
-3.8630583286e+00,2.1352890134e-01
1.3694067299e-01,4.0621652603e+00
1.9394950569e-01,4.2521033287e+00
-4.0391656756e-01,-4.3511309624e+00
-2.5725791454e+00,2.7062361240e+00
1.7478667200e-01,4.2339930534e+00
3.0136661530e+00,2.7890622616e+00
-4.1539111137e+00,-1.6729494929e-01
-3.6917178631e+00,-6.5094850957e-02
-2.8533229828e+00,3.0375747681e+00
3.9304342866e-01,-4.1664900780e+00
-4.5224575996e+00,3.0289727449e-01
3.8930249214e+00,-2.4876199663e-01
2.0148819685e-01,3.7459094524e+00
2.9313356876e+00,3.0416536331e+00
3.8223040104e+00,-5.7681673765e-01
-2.6734039783e+00,2.3046586514e+00
2.4806377888e+00,2.6410574913e+00
3.7381861210e+00,-2.6353767514e-01
2.6182534695e+00,2.7757947445e+00
2.6489160061e+00,-2.8752748966e+00
3.0427224636e+00,3.6431562901e+00
-1.3479226828e-01,3.5550062656e+00
4.2540369034e+00,-1.9479509443e-02
3.2936558723e+00,3.0579309464e+00
2.7548384666e+00,-2.9954123497e+00
-3.5029819012e+00,-3.1051406860e+00
-2.7959718704e+00,2.3883349895e+00
2.7163242921e-02,3.4967639446e+00
-3.3056514263e+00,2.7769429684e+00
-3.9868874550e+00,-8.0103605986e-02
2.4712157249e+00,2.9883291721e+00
-1.2090695649e-01,4.1196265221e+00
4.2424488068e+00,-9.7079843283e-02
9.2598073184e-02,3.9578537941e+00
-3.0582113266e+00,3.2243516445e+00
4.3032565117e+00,4.3807598948e-01
-3.8781306744e+00,2.4855948985e-01
1.6032497585e-01,-4.2777824402e+00
-4.1690235138e+00,3.7372153252e-02
-1.8572141230e-01,-3.5857622623e+00
-4.7945222259e-01,-3.7995948792e+00
3.0342125893e+00,2.7405655384e+00
-4.2845144272e+00,-1.4273560047e-01
-3.7848188877e+00,6.3995793462e-02
2.6576647758e+00,-3.3376040459e+00
-3.0466284752e+00,2.8769624233e+00
1.0556887090e-01,-3.6135535240e+00
-2.2064971924e+00,-3.0073330402e+00
4.3435364962e-01,3.8866553307e+00
3.8168499470e+00,5.1495420933e-01
3.0591490269e+00,3.1371543407e+00
6.4019739628e-01,3.5011184216e+00
-2.6343803406e+00,3.1331517696e+00
3.1759142876e+00,-2.3211078644e+00
2.7962846756e+00,2.8501179218e+00
-2.8109900951e+00,2.8687665462e+00
-2.9390654564e+00,2.3166425228e+00
-4.5058794022e+00,-1.2107528746e-02
-4.4928035736e+00,2.7877340093e-02
2.6284108162e+00,-2.3270244598e+00
-1.8117225170e-01,-4.2139787674e+00
-2.5475380421e+00,-2.9466266632e+00
-1.0933343321e-01,3.9694268703e+00
2.9306650162e+00,2.6343514919e+00
3.1689276695e+00,3.0027039051e+00
-4.0282578468e+00,-6.0112763196e-02
-2.7510298416e-02,3.6669402122e+00
-3.9506294727e+00,5.6996922940e-02
-4.0882363319e+00,8.4085635841e-02
-9.9523074925e-02,3.7959389687e+00
2.6666188240e+00,2.7187862396e+00
-3.9903459549e+00,4.8333808780e-01
4.1661548615e+00,-2.6721313596e-01
2.3003337383e+00,-2.8010332584e+00
-1.9690567255e-01,-4.0947594643e+00
2.8706452847e+00,2.9279954433e+00
3.8659098148e+00,4.9252387881e-01
-4.3468146324e+00,-9.3858823180e-02
-4.3332815170e+00,-6.2253274024e-02
3.3798000813e+00,-2.8471348286e+00
3.8374745846e+00,1.4595507085e-01
3.1293072701e+00,-2.8230211735e+00
-4.0502271652e+00,4.2052721977e-01
-2.6451179981e+00,2.5935719013e+00
2.7951605320e+00,-2.8073787689e+00
2.4518120289e-01,-4.2831153870e+00
-2.6925928593e+00,-3.3636727333e+00
-3.1032571793e+00,2.7324171066e+00
9.4962082803e-02,-3.7145271301e+00
-3.2899322510e+00,2.9174268246e+00
-2.9373500347e+00,2.6547539234e+00
-2.5871436596e+00,2.2954704762e+00
-3.9775221348e+00,-6.9298450835e-03
2.9554986954e+00,-2.3882899284e+00
3.0006804466e+00,-2.7702553272e+00
-2.8750321865e+00,-2.3901157379e+00
-2.9048011303e+00,2.8915286064e+00
-4.2065253258e+00,-1.5204797685e-01
-3.1918952465e+00,2.7236583233e+00
-2.7421909571e-01,-3.3331513405e+00
3.1007308960e+00,-2.7909641266e+00
2.1445832253e+00,-2.8259449005e+00
3.0880506039e+00,-3.1416459084e+00
2.9317674637e+00,2.7183685303e+00
3.9729225636e+00,-2.4189220369e-01
-3.0950343609e+00,2.8890767097e+00
4.5051535964e-01,4.4686741829e+00
-1.5149661340e-02,4.3514022827e+00
-3.2298892736e-02,-4.3899726868e+00
3.1881542206e+00,-2.8494641781e+00
-3.2456624508e+00,-2.5397415161e+00
-3.0614395142e+00,2.5349369049e+00
1.4518880844e-01,4.6267609596e+00
2.2011141777e+00,2.5455925465e+00
-4.1059627533e+00,-5.3201419115e-01
-3.0491783619e+00,3.0117807388e+00
-3.5289845467e+00,-2.6558551788e+00
-2.9916749001e+00,3.0989923477e+00
3.8170249462e+00,2.2827795148e-01
2.8087906837e+00,-2.1278033257e+00
3.8731601238e+00,6.0511935502e-02
-2.7010927200e+00,2.9638247490e+00
-3.7577870488e-01,-3.1731629372e+00
3.3100335598e+00,2.8751487732e+00
-3.4012007713e+00,-2.9587812424e+00
2.8305220604e+00,2.4011979103e+00
3.0129184723e+00,-2.8033192158e+00
-2.6084668636e+00,2.9236049652e+00
3.9019581676e-01,-4.2221512794e+00
-2.3719210923e-01,4.4061102867e+00
-7.6388090849e-02,-4.4565362930e+00
2.4661955833e+00,-2.6730833054e+00
3.3611922264e+00,3.0584020615e+00
1.8478143215e-01,-4.6205835342e+00
3.2687721252e+00,2.6774024963e+00
4.2730779648e+00,-5.6350912899e-02
3.9158136845e+00,-2.3149351776e-01
1.2015702575e-01,4.1392302513e+00
3.7566030025e+00,-3.8297709823e-01
1.3464725018e-01,-3.9669449329e+00
1.8277230859e-01,3.9707629681e+00
-2.7422404289e+00,-2.4499204159e+00
-3.0967011452e+00,2.8338108063e+00
-2.5571033955e+00,2.5992493629e+00
3.9313061237e+00,3.3097833395e-01
2.6029901505e+00,2.7033615112e+00
-2.6419568062e+00,-2.3484375477e+00
-3.4741904736e+00,-1.0365154594e-01
4.3850597739e-01,-4.1050262451e+00
-2.0339508355e-01,-3.9144949913e+00
3.2813959122e+00,-3.0309681892e+00
5.3661447763e-01,4.3019247055e+00
-8.5105681792e-03,-3.9451878071e+00
3.8839480877e+00,2.4747253954e-01
-3.0746948719e+00,2.6079933643e+00
2.4397976398e+00,2.4233307838e+00
-8.9732803404e-02,4.6451463699e+00
4.0917382240e+00,-1.2497885525e-01
2.3910474777e+00,3.4602220058e+00
-3.7633802891e+00,-1.3799366355e-01
-2.7593490481e-01,3.7698750496e+00
-3.5045033693e-01,3.9867854118e+00
-3.8590936661e+00,1.4310894907e-01
-2.6056654453e+00,-2.4554839134e+00
2.6713210344e-01,-3.7037265301e+00
-3.0437872410e+00,2.2392673492e+00
-2.5456235409e+00,2.2943472862e+00
2.8501830101e+00,-3.7097201347e+00
-2.9781463146e+00,-2.9230082035e+00
2.6749637127e+00,2.7414400578e+00
-3.7237777710e+00,9.3633353710e-02
-2.7101483345e+00,3.0566940308e+00
2.6997230053e+00,-3.1063094139e+00
3.8628346920e+00,-4.0618911386e-01
-2.6443619728e+00,-2.9670367241e+00
3.1924443245e+00,3.3709447384e+00
-3.1254146099e+00,2.6040494442e+00
2.5356733799e+00,-2.7185239792e+00
3.5058063269e-01,-4.4737458229e+00
2.6866190434e+00,-2.5249660015e+00
-3.9211981297e+00,-2.4162355065e-01
3.1453778744e+00,-3.0533692837e+00
-3.7006945610e+00,-1.6730865836e-01
2.3960225582e+00,-3.1551265717e+00
2.6892647743e+00,-2.5718204975e+00
2.5431547165e+00,-2.9520118237e+00
-4.7643141747e+00,-5.9566009790e-02
-2.5552334785e+00,-2.6306118965e+00
2.6899774075e+00,-2.8226222992e+00
-2.9385180473e+00,-2.5487546921e+00
-2.5673296452e+00,-2.4234747887e+00
-2.5481743813e+00,-3.0754272938e+00
-4.2476749420e+00,-3.0373603106e-01
-3.3009433746e-01,-4.3007636070e+00
-4.5756287575e+00,3.7401038408e-01
-2.7833703160e-01,4.0004539490e+00
-2.0067105293e+00,-2.4113306999e+00
-3.9691267014e+00,-2.8128037229e-02
3.6395735741e+00,2.5681536198e+00
4.8538651466e+00,-1.8936501816e-02
-2.7390584946e+00,2.3880395889e+00
2.6669888496e+00,3.0876235962e+00
-3.7260124683e+00,1.1590774171e-02
-4.7641578317e-01,5.0638046265e+00
-2.8877816200e+00,2.7563521862e+00
2.9800755978e+00,2.4903268814e+00
2.8625049591e+00,2.6781663895e+00
2.6008219719e+00,-2.5003671646e+00
2.7758677006e+00,3.3384134769e+00
1.0717524588e-01,-4.8202190399e+00
1.1025228351e-01,-4.2501630783e+00
1.7920619249e-01,-4.5124049187e+00
2.9117469788e+00,-2.8345460892e+00
2.8880598545e+00,2.7180013657e+00
2.3829622269e+00,-2.9089787006e+00
4.2520910501e-01,4.2845778465e+00
-2.8747344017e+00,-2.4327814579e+00
2.6628732681e+00,-2.5508930683e+00
-3.1574165821e+00,2.7899150848e+00
-3.9567661285e+00,-5.8756392449e-02
-3.3789246082e+00,-5.2966885269e-02
7.1051560342e-02,4.2450962067e+00
1.2602929771e-01,-4.1606187820e+00
3.7272226810e+00,4.7473034263e-01
3.5754837990e+00,4.9081869423e-02
-4.9246492982e-01,3.9154264927e+00
3.4446990490e+00,-2.5480049849e-01
-1.5009090304e-02,3.4875037670e+00
2.7559676170e+00,2.7077331543e+00
-2.1496212482e-01,-4.3374133110e+00
-2.6447873116e+00,2.7393598557e+00
2.3518362045e+00,-2.7594335079e+00
-3.9012978077e+00,-3.4300497174e-01
4.0225586891e+00,2.0919184387e-01
-2.7683742046e+00,2.7310669422e+00
3.2513568401e+00,2.8620581627e+00
-3.0570373535e+00,2.6813619137e+00
4.0903404355e-01,-3.9839222431e+00
-7.7414922416e-02,3.8601911068e+00
2.4862630367e+00,2.9926936626e+00
3.2016713619e+00,2.7604250908e+00
3.0790343285e+00,3.2741208076e+00
-2.9889628887e+00,-2.9995853901e+00
-3.0228917599e+00,-2.8067572117e+00
4.1133956909e+00,1.9148573279e-01
2.4519680440e-01,3.4863109589e+00
-3.0735256672e+00,3.0170340538e+00
3.0464937687e+00,-2.8810243607e+00
3.6974778771e-01,-3.9551069736e+00
-2.8973904252e-01,3.4681987762e+00
1.8573535606e-02,4.0632171631e+00
-3.2704515457e+00,2.3122963905e+00
2.7709054947e+00,-2.8942935467e+00
-3.1567468643e+00,3.1517100334e+00
-3.6054232121e+00,-4.2484174483e-03
2.3161655664e-01,4.8064594269e+00
-2.8760099411e+00,-3.0447075367e+00
2.7552559376e+00,2.4097678661e+00
3.3277566433e+00,-2.9312391281e+00
-3.9245345592e+00,-3.9114731550e-01
2.7788000107e+00,2.5171771049e+00
-2.8530449867e+00,-3.2076456547e+00
-2.6581079960e+00,2.9496922493e+00
-3.1274535656e+00,2.4391374588e+00
-2.1315891743e+00,-2.7808432579e+00
-2.8346414566e+00,2.7688331604e+00
-5.9083569795e-02,4.0694503784e+00
-2.6184310913e+00,-2.7964181900e+00
-3.4709992409e+00,-1.5390036628e-02
1.2157279253e-01,3.9804234505e+00
2.9429943562e+00,-3.0057597160e+00
-2.2697834969e+00,2.9328875542e+00
3.2228164673e+00,-2.5858273506e+00
-2.5633433461e-01,-4.0156269073e+00
-3.2279646397e+00,3.2873744965e+00
-3.1556262970e+00,-3.1833353043e+00
-4.0020046234e+00,-4.0384361148e-01
-5.0574445724e-01,4.1982207298e+00
-3.9343488216e+00,6.0376580805e-02
-2.5451276302e+00,2.7851753235e+00
2.6136467457e+00,3.3647174835e+00
3.0318233967e+00,2.8194336891e+00
4.4549818039e+00,2.4429194629e-01
3.5772476196e+00,3.5373613238e-01
3.8659124374e+00,-7.3779724538e-02
2.2122499943e+00,2.9338903427e+00
-3.8727142811e+00,-2.1155203879e-01
2.7615296841e+00,-2.6814017296e+00
-9.4422347844e-02,-4.3245816231e+00
4.1603446007e+00,-3.3050063998e-02
-2.0778426528e-01,4.0013132095e+00
3.8694596291e+00,4.0311673284e-01
-3.5947279930e+00,7.5571253896e-02
3.8009579182e+00,6.6598516703e-01
-2.8674578667e+00,3.1024312973e+00
3.6168553829e+00,6.6622245312e-01
-2.5810892582e+00,2.6693344116e+00
2.3270077705e+00,3.1922895908e+00
-6.5557211637e-02,-4.3602290154e+00
-3.9209961891e+00,-6.0435032845e-01
-3.1518998146e+00,2.6575500965e+00
-3.0734047890e+00,-2.2515239716e+00
3.2258754969e-01,-4.0320806503e+00
-2.8966584206e+00,2.9644865990e+00
-3.3204860687e+00,-3.0887019634e+00
2.5329424068e-02,-3.9834647179e+00
7.5302198529e-02,3.8327848911e+00
2.8014879227e+00,-2.8110513687e+00
2.5857758522e+00,2.8946971893e+00
3.1302421093e+00,-2.6335091591e+00
2.0106695592e-01,3.8695044518e+00
3.8592700958e+00,2.9402005672e-01
-2.9340114594e+00,2.7604970932e+00
-2.7158527374e+00,-2.9536542892e+00
2.7963979244e+00,-3.1182146072e+00
3.0020642281e+00,-3.3444914818e+00
-4.0980544090e+00,-5.9415239841e-02
3.0413808823e+00,2.2730381489e+00
-2.5874240398e+00,2.7351937294e+00
3.0342755318e+00,-2.4325408936e+00
-3.8309104443e+00,3.2936632633e-01
2.7282061577e+00,2.8117315769e+00
-2.3258900642e+00,-2.9646129608e+00
-3.3177170753e+00,-2.7836761475e+00
3.1205792427e+00,-2.9690783024e+00
2.8424417973e+00,2.8256347179e+00
3.4433357716e+00,3.6826008558e-01
-2.7710866928e+00,2.7455284595e+00
-2.7271132469e+00,-2.8205294609e+00
2.8879041672e+00,-2.4400987625e+00
-4.3603839874e+00,-3.6170402169e-01
-2.6509716511e+00,2.9612641335e+00
3.7211132050e+00,-1.4154601097e-01
3.3284217119e-01,-4.1395096779e+00
2.4744865894e+00,3.2359349728e+00
-1.4769041538e-01,-4.2129426003e+00
2.5408842564e+00,-2.4516389370e+00
-2.7626402378e+00,2.6100134850e+00
2.8689599037e+00,-2.8684029579e+00
-2.5837326050e+00,2.6272621155e+00
2.7852425575e+00,-2.5774984360e+00
-4.4569211006e+00,3.5422962904e-01
6.4227543771e-02,-3.7874679565e+00
2.6681289673e+00,2.8000659943e+00
3.5468116403e-01,3.6067974567e+00
2.2283163071e+00,2.4813592434e+00
-4.2243852615e+00,-7.2962194681e-01
-4.1784030199e-01,-3.8007037640e+00
2.9314739704e+00,2.9472811222e+00
1.4851565473e-02,4.1744942665e+00
2.9310624599e+00,-2.6746802330e+00
2.6395881176e+00,-2.7353317738e+00
-2.9149858952e+00,-2.9838476181e+00
1.3974338770e-01,4.0682411194e+00
2.3714413643e+00,2.9928848743e+00
2.7698457241e-01,3.8362286091e+00
-3.0057253838e+00,-2.5165934563e+00
2.6995511055e+00,-2.8765976429e+00
4.2306274176e-02,-4.2406020164e+00
-4.3165478706e+00,-2.0108374953e-01
-2.8611392975e+00,-2.6915497780e+00
2.4682568014e-01,3.9883520603e+00
-4.7322645187e+00,4.0377071500e-01
4.1842722893e+00,-1.0165700689e-02
3.1739344597e+00,2.2584836483e+00
-2.9840011597e+00,-2.3378522396e+00
2.6514687538e+00,2.8602144718e+00
-2.8570914268e+00,-3.1939482689e+00
2.1946387291e+00,3.1166656017e+00
4.3857831955e+00,-9.8566040397e-03
3.1516566277e+00,-3.0625982285e+00
4.2587429285e-01,3.8048596382e+00
4.0216665268e+00,-1.7205465585e-02
3.8972816467e+00,-3.7819573283e-01
2.2275215387e-01,-3.7326669693e+00
3.3918800354e+00,3.5946381092e+00
-3.2984185219e+00,3.1701545715e+00
3.0736181736e+00,2.4014806747e+00
-4.2221808434e+00,2.2602958977e-01
-2.5083988905e-01,4.1008696556e+00
-2.9324281216e+00,-2.8348541260e+00
2.0864818990e-01,3.8564581871e+00
-4.5240101218e-01,-4.6599121094e+00
-1.6591832042e-01,3.7476372719e+00
-4.2501921654e+00,-4.6327176690e-01
2.9595735073e+00,-2.8833673000e+00
3.9278170466e-01,4.1254615784e+00
-3.0913820267e+00,-2.6806781292e+00
1.5365709364e-01,-3.7259545326e+00
4.0191049576e+00,5.6327980757e-01
-4.5419582725e-01,3.8623590469e+00
-2.7656373978e+00,-2.2401950359e+00
-4.0322208405e+00,5.8661725372e-02
3.6176986694e+00,-4.7571823001e-01
1.4511582255e-01,3.7833366394e+00
2.3173749447e+00,-2.8752121925e+00
-2.9008495808e+00,-2.9689702988e+00
-3.6007273197e+00,2.4357273579e+00
-3.1624345779e+00,2.4350776672e+00
-2.9466271400e+00,-2.8611845970e+00
-2.9136676788e+00,-3.1347687244e+00
-4.8260691762e-01,-3.7676005363e+00
-2.9869136810e+00,2.5633940697e+00
2.8995704651e+00,-2.6937301159e+00
4.4326671958e-01,-4.2461018562e+00
-2.8072264194e+00,2.4693768024e+00
-3.9375686646e+00,4.0678569674e-01
-3.2733905315e+00,-3.1840448380e+00
-3.2121889591e+00,-2.6977705956e+00
2.7602396011e+00,2.5600383282e+00
2.6411061287e+00,-2.6166677475e+00
-2.3012032732e-02,3.5520815849e+00
3.3028409481e+00,3.1782851219e+00
-4.2945542932e-01,4.2965397835e+00
-4.3798542023e+00,2.1083447337e-01
-2.8351745605e+00,2.9549939632e+00
2.8666803837e+00,2.7711901665e+00
-3.2075638771e+00,-2.9589309692e+00
-4.1661586761e+00,2.5631928444e-01
2.4356162548e+00,2.2821342945e+00
3.7839097977e+00,1.5156970918e-01
3.5630509853e+00,2.7990748882e+00
-2.7107689381e+00,2.6574113369e+00
-2.6263461113e+00,-2.4140574932e+00
3.4390058517e+00,-2.1078877449e+00
-3.6466532946e-01,-4.2883529663e+00
-2.3654375076e+00,3.1050918102e+00
-2.2365592420e-01,3.8752644062e+00
3.9207880497e+00,-1.9657440484e-02
1.8732235432e+00,-2.3614270687e+00
-3.8289222866e-02,-4.2473587990e+00
-4.3263158798e+00,2.3167152703e-01
-3.9881813526e-01,4.3101458549e+00
3.9840855598e+00,-4.5265001059e-01
3.0035228729e+00,2.7842488289e+00
-4.0891585350e+00,1.0249077529e-01
2.8153059483e+00,2.6975984573e+00
-3.2409982681e+00,-3.7246952057e+00
-9.3385332823e-01,-4.2480101585e+00
4.5177638531e-01,3.7257649899e+00
-2.7953224182e+00,-2.3519868851e+00
-3.8295972347e+00,6.0530531406e-01
-3.7528653145e+00,2.7562499046e-01
-3.8916237354e+00,-1.9870273769e-01
-1.2531396747e-01,-3.7755389214e+00
3.0629665852e+00,2.8577954769e+00
-2.8597798347e+00,-2.9163308144e+00
2.2735815048e+00,2.7524249554e+00
-3.5915589333e+00,-1.4566829801e-01
-3.9624927044e+00,-9.4001606107e-02
3.1939170361e+00,2.5297336578e+00
-4.5763826370e+00,1.7169430852e-01
-3.5198228359e+00,-3.1451007724e-01
2.8780541420e+00,3.2363007069e+00
2.9073587060e-01,4.0531053543e+00
-4.3307151794e+00,4.8893978819e-03
-3.8573348522e+00,5.4283523560e-01
-2.6731703281e+00,-2.9104485512e+00
1.9882118702e-01,-3.8301086426e+00
-3.0684971809e+00,-2.9686977863e+00
-1.5329368412e-01,4.4388837814e+00
2.7348828316e+00,2.9520673752e+00
2.3295373917e+00,2.8949987888e+00
2.6848442554e+00,-2.6703813076e+00
3.0559742451e+00,2.3151772022e+00
-2.8821401596e+00,3.1383368969e+00
6.0350584984e-01,-3.8227653503e+00
3.8930518627e+00,-1.8258704245e-01
2.7349455357e+00,2.7707397938e+00
-4.3866820335e+00,1.2190961093e-01
-4.5391278267e+00,-2.3473578691e-01
-3.9922723770e+00,-2.6541686058e-01
4.3355426788e+00,1.5937773883e-01
3.9579565525e+00,-1.3916438818e-01
2.9654412270e+00,2.7373175621e+00
2.6128497124e+00,-2.7968387604e+00
-2.8870198727e+00,-2.2436804771e+00
2.8431081772e+00,-2.7100286484e+00
3.0013656616e+00,-2.8233482838e+00
-1.3538828492e-01,-4.0013566017e+00
-2.4089863300e+00,2.4553043842e+00
3.0927038193e-01,3.8306291103e+00
3.8410201669e-01,-3.7231340408e+00
4.2520647049e+00,1.1844781041e-01
3.7231214046e+00,-6.0090345144e-01
-2.9719958305e+00,-2.8041591644e+00
-2.3080103397e+00,-2.5212106705e+00
6.1565041542e-01,3.9375689030e+00
2.1227569878e-01,-4.0553135872e+00
3.2713353634e+00,-2.6363034248e+00
-9.4265580177e-02,4.0459246635e+00
-2.6800622940e+00,2.8015630245e+00
-8.3665307611e-03,-4.0092110634e+00
-4.1780803353e-02,3.2763223648e+00
1.7987504601e-01,-3.6103601456e+00
-2.7151682377e+00,-2.6455571651e+00
-8.1330284476e-02,-3.9641199112e+00
2.9744057655e+00,-2.7274637222e+00
-4.0031332970e+00,4.1271653026e-03
4.1414127350e+00,-6.0129487514e-01
-2.7132329941e+00,-2.5598018169e+00
9.9788941443e-02,4.0263261795e+00
2.5280954838e+00,2.8961191177e+00
6.5491661429e-02,-3.9559721947e+00
3.0407965183e+00,2.6623635292e+00
-2.7254214287e+00,-2.7141885757e+00
-5.6957411766e-01,3.9421432018e+00
4.0732765198e+00,-2.3028430343e-01
-4.0814738274e+00,-3.1052219868e-01
3.8040230274e+00,1.1250513047e-01
-2.8616745472e+00,-2.4327054024e+00
-4.2302136421e+00,-3.9688475430e-02
7.0045744069e-03,-4.0543575287e+00
2.5257234573e+00,3.1143047810e+00
1.2621910870e-01,-3.9213185310e+00
3.0097274780e+00,3.0599036217e+00
2.8897185326e+00,-2.8934056759e+00
-4.5401635170e+00,5.4359102249e-01
4.0985217094e+00,-8.4993511438e-02
2.7261228561e+00,-3.3126008511e+00
2.6769170761e+00,2.9378015995e+00
-5.2439782768e-02,-3.7985081673e+00
2.6677088737e+00,2.8940782547e+00
-2.8340029716e+00,2.5778141022e+00
2.9798560143e+00,-3.1147727966e+00
3.2114422321e+00,-2.7432169914e+00
3.9793257713e+00,-5.6355010718e-02
4.4791827202e+00,-4.8747882247e-02
-2.4371166229e+00,-2.5998694897e+00
4.4716510773e+00,1.5634448826e-01
3.7908520699e+00,6.6309258342e-02
-3.6435949802e+00,2.6518785954e-01
3.7104067206e-01,3.6420950890e+00
-4.4055347443e+00,8.6848497391e-02
3.6489095688e+00,7.6305216551e-01
-4.5206003189e+00,2.0117342472e-01
2.4486870766e+00,2.9863214493e+00
-3.1552839279e-01,-3.7191164494e+00
2.1127529442e-01,3.7934966087e+00
-1.0175322182e-02,3.8966829777e+00
-2.4389424324e+00,2.2852191925e+00
-1.8715506792e-01,-4.5230145454e+00
4.4508448243e-01,-4.0817751884e+00
4.6578529477e-01,-4.3051128387e+00
4.2828021049e+00,5.1173403859e-02
2.4657950401e+00,2.4895679951e+00
3.4279000759e+00,3.0013852119e+00
3.4941134453e+00,-3.4574460983e-01
-2.3226080835e-01,3.5919892788e+00
2.6708700657e+00,-3.1626324654e+00
2.5855143070e+00,2.5335652828e+00
3.2252556086e-01,-3.9195208549e+00
4.3520283699e+00,-2.6894712448e-01
3.0370824337e+00,-2.8454778194e+00
-3.4953494072e+00,2.6770803928e+00
3.6129240990e+00,-1.3255000114e-01
-3.0206718445e+00,2.2523641586e+00
-4.0607671738e+00,-7.5079813600e-02
-3.7733771801e+00,-1.2051109970e-01
1.2839888036e-01,-3.9652895927e+00
-3.1902036667e+00,-2.1996352673e+00
-3.3223197460e+00,-6.5728944540e-01
-4.0206389427e+00,2.2043266892e-01
2.7505428791e+00,2.9755349159e+00
-3.2250499725e+00,4.5280367136e-01
2.4856677055e+00,2.9919795990e+00
-2.0883922577e+00,2.7243034840e+00
-3.1220173836e+00,3.1428570747e+00
-2.7915515900e+00,2.4550442696e+00
-2.5696086884e-01,3.7986798286e+00
3.3409631252e+00,3.3027973175e+00
2.7092580795e+00,-3.1173608303e+00
5.9038583189e-02,-4.3094344139e+00
3.2503757477e+00,2.5408227444e+00
-2.3911056519e+00,3.3303740025e+00
-2.6954960823e+00,-3.3029997349e+00
-2.8586280346e+00,2.7414960861e+00
-2.6599035263e+00,-2.8814578056e+00
3.9453568459e+00,3.2997658849e-01
-4.3891844749e+00,-1.3694633543e-01
-1.6104033589e-01,-4.0050091743e+00
-2.5523540974e+00,3.2671604156e+00
2.5705666542e+00,2.9506566525e+00
2.5338144302e+00,-2.6239893436e+00
-3.9496386051e+00,-2.7247703075e-01
-2.8824999332e+00,3.5886323452e+00
-3.2105176449e+00,-2.9476654530e+00
-2.9864287376e+00,-3.1855049133e+00
-4.1717857122e-02,-4.5484409332e+00
3.9337246418e+00,-3.0316784978e-01
-2.7374379635e+00,3.0049099922e+00
4.3476338387e+00,-4.2674914002e-03
2.0955094695e-01,-4.1814513206e+00
-3.9821770191e+00,-7.2407655418e-02
-3.4854435921e+00,3.0838830471e+00
5.0210740417e-02,-4.3208494186e+00
3.7251806259e+00,2.2196805105e-02
2.8366281986e+00,-2.6544880867e+00
-3.7745342255e+00,4.3631884456e-01
1.9165472686e-01,-3.7367501259e+00
2.3514907360e+00,-2.9757943153e+00
2.4147996902e+00,2.7145907879e+00
3.5007374287e+00,4.3414160609e-01
3.0692961216e+00,2.8813967705e+00
3.5685579777e+00,-3.4100346565e+00
-4.0914311409e+00,1.9239105284e-01
-2.6090946198e+00,2.6457204819e+00
-2.5452322960e+00,2.5349283218e+00
2.8205144405e+00,-2.5807600021e+00
2.4841570854e+00,-2.7581272125e+00
3.6124386787e+00,5.3509786725e-02
4.7045916319e-01,4.0323157310e+00
4.5004014969e+00,-3.6858886480e-01
-3.0888943672e+00,-2.9577217102e+00
3.6324861646e-01,3.8415884972e+00
-2.7137012482e+00,-3.0953562260e+00
-3.8843464851e+00,2.5633001328e-01
-6.8312346935e-01,-3.8113155365e+00
6.0749626160e-01,-3.8098773956e+00
-1.8324637413e-01,-4.0834436417e+00
4.4725151062e+00,3.9690501988e-02
3.5992844105e+00,-1.8957324326e-01
-2.1435555816e-01,-3.8467745781e+00
2.7980713844e+00,3.2993993759e+00
-3.0574285984e+00,-2.6577870846e+00
-3.0238211155e+00,-2.1432390213e+00
-2.7874989510e+00,2.8884387016e+00
-2.2182395458e+00,-3.1795215607e+00
-2.9265100956e+00,2.9277091026e+00
-2.6889875531e-01,4.5220513344e+00
2.4629313946e+00,2.6713371277e+00
1.0943375528e-01,4.0052146912e+00
-2.9474699497e+00,2.8967051506e+00
-2.9654011726e+00,2.8369429111e+00
-2.6238186359e+00,3.0255808830e+00
3.2413825989e+00,-2.9760868549e+00
-3.6536202431e+00,-4.4001081586e-01
-3.4510679543e-02,-3.6775302887e+00
-2.5255689025e-01,-3.4350152016e+00
2.3185405731e+00,2.8762588501e+00
-2.8858249187e+00,-2.4991948605e+00
-3.6579380035e+00,7.4192337692e-02
3.1964836121e+00,2.7072350979e+00
-4.0752586722e-01,4.1130137444e+00
-1.4873977005e-01,3.4817638397e+00
-3.0231716633e+00,-2.6905109882e+00
-1.3077481091e-01,-3.8377399445e+00
4.1006398201e+00,4.3099799752e-01
1.5795719624e-01,-3.7604649067e+00
-2.6474132538e+00,-3.0860674381e+00
3.1964156628e+00,-2.7093610764e+00
-3.9052913189e+00,-3.3589339256e-01
-4.1035833359e+00,-4.0548512340e-01
-4.1342611313e+00,-1.0329646990e-02
2.6749475002e+00,2.8427243233e+00
2.8921546936e+00,2.9383745193e+00
-3.0753939152e+00,-2.3678169250e+00
2.5713469982e+00,-2.5194125175e+00
-3.6950387955e+00,-2.4047403038e-01
3.1100838184e+00,1.9731073380e+00
3.1968421936e+00,3.2683873177e+00
-2.5194025040e-01,3.6615681648e+00
-3.0388305187e+00,2.8704938889e+00
-4.2539801598e+00,4.2715620995e-01
2.4941163063e+00,2.8807516098e+00
-3.0594770908e+00,2.2939727306e+00
3.0306770802e+00,-2.5256299973e+00
2.8365056515e+00,2.3814575672e+00
2.4104946852e-01,-3.7963123322e+00
-2.5533971786e+00,2.6938352585e+00
-4.0645313263e+00,-2.3655515909e-01
-2.7678976059e+00,-2.6269567013e+00
2.3869662285e+00,3.0451471806e+00
2.6942434311e+00,3.2336654663e+00
3.9040558338e+00,-4.7570079565e-02
-3.9041028023e+00,4.1466481984e-02
2.9454996586e+00,-2.9389541149e+00
3.9305050373e+00,4.3004244566e-01
-2.6184840202e+00,2.8974246979e+00
1.4895372093e-01,3.8048961163e+00
-4.9084004760e-01,-3.2178001404e+00
2.9511387348e+00,2.7880167961e+00
4.2033904791e-01,-3.9743685722e+00
4.1855888367e+00,-1.3729232550e-01
-1.8654967844e-01,4.3574237823e+00
-3.3344118595e+00,-3.4022493362e+00
3.1221582890e+00,-3.4692857265e+00
-3.7761263847e+00,5.2708822489e-01
4.6534328461e+00,2.7103659511e-01
-2.5620560646e+00,3.0763514042e+00
2.9399075508e+00,3.1912002563e+00
4.0606389046e+00,2.7813792229e-01
4.1621417999e+00,1.9652453065e-01
-2.4238483906e+00,-3.0968663692e+00
-2.7130370140e+00,-2.6572563648e+00
-3.7700119019e+00,-4.8323489726e-02
-3.4762837887e+00,-2.8406960964e+00
-2.7242776006e-02,4.0286555290e+00
2.6539459229e+00,-2.5898461342e+00
2.5675239563e+00,-2.9835212231e+00
-2.6304726601e+00,2.8710670471e+00
3.1149637699e+00,-2.1942949295e+00
-1.7233034968e-01,-4.4018855095e+00
3.5213627815e+00,-2.1714406013e+00
-3.9029462337e+00,3.2254201174e-01
2.2823963165e+00,-2.6129479408e+00
-2.8255496025e+00,3.0574407578e+00
-2.8497738838e+00,2.9495809078e+00
3.8575949669e+00,-2.7751434594e-02
4.3349204063e+00,1.3701644540e-01
2.6450402737e+00,2.6846294403e+00
-2.6580188274e+00,-2.6988677979e+00
-3.7204620838e+00,-6.8852059543e-02
-2.5665919781e+00,2.8781118393e+00
-2.9945442677e+00,-2.7019736767e+00
-4.1468372345e+00,-2.2928920388e-01
-3.4847636223e+00,-2.5090675354e+00
-3.1239991188e+00,-2.8452992439e+00
3.1685316563e-01,3.2604503632e+00
-2.5951581001e+00,2.6316707134e+00
-3.8492367268e+00,-7.1084298193e-02
2.3371047974e+00,-2.9639093876e+00
-3.3784229755e+00,2.9642591476e+00
3.1788742542e+00,-2.7563855648e+00
2.8396284580e+00,2.9480996132e+00
2.2444400787e+00,-3.0578894615e+00
3.3298137188e+00,2.8810119629e+00
-3.6909751892e+00,1.7289361358e-01
5.7301169634e-01,3.5656394958e+00
-2.8527686000e-01,3.5094006062e+00
2.9019894600e+00,-2.6065132618e+00
-2.5307041407e-01,-4.1273469925e+00
2.6985590458e+00,-2.9774947166e+00
-2.7343428135e+00,-2.8488118649e+00
2.8751320839e+00,2.7991433144e+00
-3.5315241814e+00,-2.1654477343e-02
2.6039040089e+00,3.2167541981e+00
3.1813893318e+00,-3.3858428001e+00
3.0771045685e+00,3.2900910378e+00
3.3268260956e+00,-2.9075443745e+00
2.6742756367e+00,2.4294219017e+00
2.1742718220e+00,3.1301085949e+00
-2.8395380974e+00,2.7456841469e+00
-3.3987064362e+00,2.7984724045e+00
-3.4486200809e+00,2.3761564866e-02
3.3139760494e+00,-2.6357629299e+00
-3.0625972897e-02,-3.8382568359e+00
-3.4148817062e+00,3.0721220970e+00
-2.5002985001e+00,-3.4605231285e+00
3.7575522065e-01,3.9955465794e+00
4.3792901039e+00,4.7849795222e-01
2.0871128887e-02,4.3501086235e+00
3.0067670345e-01,4.0152230263e+00
2.9347341061e+00,-3.3882637024e+00
4.2130870819e+00,3.3780393004e-01
-2.9167871475e+00,2.7676041126e+00
-3.9727232456e+00,1.0624857992e-01
2.3998978138e+00,3.1325876713e+00
-1.5031962097e-01,4.2351040840e+00
-2.5051357746e+00,-2.9267046452e+00
2.7712984085e+00,-3.2570228577e+00
2.0066885650e-01,-4.1142611504e+00
-2.7495894432e+00,-2.5999815464e+00
-1.3529095054e-01,4.3800096512e+00
-1.6506545246e-01,-4.1138124466e+00
2.4857966900e+00,2.5852515697e+00
-3.2519215345e-01,3.3073854446e+00
1.0376074910e-01,3.6823549271e+00
-2.7847466469e+00,-2.9425783157e+00
2.9791903496e+00,3.2329716682e+00
-4.1074815392e-01,4.1066021919e+00
-2.3182654381e+00,2.8666949272e+00
2.5497157574e+00,-3.3976550102e+00
4.0509848595e+00,4.8852872849e-01
3.0372219086e+00,2.2955448627e+00
-2.8644919395e+00,3.1016361713e+00
4.5718811452e-02,4.5794463158e+00
2.8692183495e+00,-3.0429146290e+00
-2.6128798723e-01,-3.9920411110e+00
3.1747376919e+00,-2.4335024357e+00
4.3032689095e+00,-1.6254650056e-01
3.2462391853e+00,2.7821192741e+00
4.2330799103e+00,2.8068000078e-01
3.3296902180e+00,3.5726060867e+00
-2.9442093372e+00,-2.6399776936e+00
4.0650072098e+00,2.5284191966e-01
1.1934440583e-01,-4.1974377632e+00
2.9010639191e+00,-2.3451254368e+00
2.8823950291e+00,2.9681570530e+00
2.8607184887e+00,-3.0742924213e+00
2.8134179115e+00,2.6906614304e+00
2.5927560329e+00,-2.7474238873e+00
-1.1844468862e-01,4.0459852219e+00
3.7453644276e+00,1.4156880975e-01
-2.9421951771e+00,3.0769042969e+00
2.5612394810e+00,-2.9588320255e+00
-3.4930369854e+00,-3.0405273438e+00
3.0324115753e+00,-2.8589744568e+00
3.6643052101e+00,-6.1971705407e-02
-2.6062020659e-01,-3.5921154022e+00
-1.0715208948e-01,-4.1162095070e+00
-3.8537924290e+00,2.1354781091e-01
1.2733003497e-01,-3.3706221581e+00
3.8431806564e+00,5.0519096851e-01
4.2967104912e+00,1.1449575424e-01
3.9459388256e+00,-1.3201937079e-01
-2.4777991772e+00,-2.9185786247e+00
2.5915114880e+00,2.7400615215e+00
-3.2407405376e+00,-2.7162923813e+00
-2.9020757675e+00,-3.0920314789e+00
4.4099073410e+00,-2.1345441043e-01
2.4404289722e+00,-2.8572435379e+00
3.1771497726e+00,2.9569356441e+00
-2.7460107207e-01,-3.9186537266e+00
-2.4185452461e+00,-2.8463087082e+00
2.8476114273e+00,-3.0622017384e+00
2.9899165630e+00,2.2555494308e+00
2.8192346096e+00,3.0225110054e+00
3.1354987621e+00,2.7637791634e+00
-3.2460660934e+00,-1.2024463154e-02
2.6437296867e+00,2.5065979958e+00
3.1461014748e+00,-2.6790430546e+00
1.5470257401e-01,4.5301971436e+00
-3.2657222748e+00,2.6214284897e+00
3.2494645119e+00,-2.5923256874e+00
1.5214875340e-01,3.8407516479e+00
-4.3880143166e+00,2.8983915225e-02
-3.3484108448e+00,-4.9640199542e-01
3.7240815163e+00,-2.2334878147e-01
3.7820427418e+00,3.8793107960e-03
2.6719973087e+00,2.4596030712e+00
8.0457270145e-02,-3.8806872368e+00
-2.7621116638e+00,2.9091408253e+00
-4.3887254596e-01,-3.9220917225e+00
-2.4086415768e+00,2.6085381508e+00
-2.7940219641e-01,4.0437450409e+00
3.7459817529e-01,3.9683153629e+00
-7.3907965422e-01,-3.2047252655e+00
2.8252496719e+00,-2.8239524364e+00
-6.3793927431e-02,3.7947785854e+00
-4.5880117416e+00,2.8298276663e-01
-3.9523744583e+00,-2.7326148003e-02
-3.8514800072e+00,-2.0457513630e-01
-2.8986601830e+00,-2.4960579872e+00
3.3040249348e+00,3.3463567495e-01
2.4756226540e+00,-2.5975394249e+00
4.1244688034e+00,-3.1122612953e-01
-4.5775055885e+00,-2.6339733601e-01
-2.8860259056e+00,-2.5133390427e+00
-2.8425638676e+00,-2.6703777313e+00
-4.2436223030e+00,-1.9626985490e-01
4.1278691292e+00,-9.7436004877e-01
6.0563027859e-01,-2.9765260220e+00
4.2496557236e+00,-4.0707105398e-01
-2.9282088280e+00,-3.5043962002e+00
-1.9050212204e-01,3.8458621502e+00
-3.6951676011e-01,4.0636620522e+00
-1.4426533878e-01,3.3464062214e+00
4.6310181618e+00,3.6256822944e-01
2.7605018616e+00,2.7371506691e+00
3.1173346043e+00,3.0579240322e+00
3.3196275234e+00,-2.6947824955e+00
-2.9523661137e+00,-3.1422662735e+00
-3.0498547554e+00,2.5398681164e+00
-2.5752515793e+00,-3.2652258873e+00
3.7204275131e+00,3.7470617890e-01
2.6413087845e+00,-2.7293779850e+00
3.4202270508e+00,-1.9362296164e-01
-2.6459872723e+00,3.1843550205e+00
-2.1320469677e-01,4.8699645996e+00
2.9056814313e-01,3.8382506371e+00
2.3394730091e+00,3.0541188717e+00
3.2392778397e+00,-2.2963938713e+00
2.8690042496e+00,-2.7788212299e+00
1.7312492430e-01,3.9407932758e+00
-1.9294403493e-01,-4.5966329575e+00
3.0448124409e+00,3.5930893421e+00
-2.6253685951e+00,-2.5347747803e+00
-3.1913836002e+00,-2.6135942936e+00
2.6916429996e+00,2.6990487576e+00
8.6009919643e-02,4.2531552315e+00
-4.3009386063e+00,1.2472846545e-02
3.8540287018e+00,1.8952602148e-01
3.0194056034e+00,-2.8691570759e+00
3.3406302929e+00,2.2707738876e+00
-3.0069081783e+00,-2.9397022724e+00
3.4178400040e+00,-3.1470048428e+00
-2.0244092941e+00,-2.9065964222e+00
-4.0014595985e+00,4.4733750820e-01
-4.1519393921e+00,-3.8960048556e-01
2.8658804893e+00,2.7992930412e+00
-3.0525336266e+00,-3.5434350967e+00
4.1679821014e+00,5.0259625912e-01
1.0631332546e-01,-4.0711779594e+00
-2.5666711330e+00,2.3489673138e+00
1.2745499611e-01,4.5124611855e+00
3.8743638992e+00,-5.1009380259e-03
3.4506374598e-01,4.0339446068e+00
-3.0827207565e+00,3.1341280937e+00
-2.9695072174e+00,-3.0541846752e+00
-2.9617841244e+00,3.1253700256e+00
1.9433870912e-01,-3.8206577301e+00
1.5579481423e-01,-3.6258239746e+00
-2.3499083519e+00,-3.3584246635e+00
2.4908266068e+00,-2.4137725830e+00
2.1766301244e-02,4.0798120499e+00
3.5923390388e+00,1.6047433019e-01
3.1613664627e+00,3.1156935692e+00
-3.9908463955e+00,-1.2313076109e-01
2.6763076782e+00,2.9970190525e+00
3.1891813278e+00,2.4146375656e+00
-3.0935430527e+00,-2.9201419353e+00
-1.4542770386e-01,-3.4779205322e+00
2.3084635735e+00,-2.5007913113e+00
4.0222926140e+00,-5.3119212389e-01
-3.1948010921e+00,2.9018735886e+00
3.9711546153e-02,4.1981501579e+00
6.2022387981e-01,3.8522648811e+00
-3.5948660374e+00,3.7198022008e-02
3.8516452312e+00,-2.3437811434e-01
-2.7723181248e+00,2.6359930038e+00
-2.6865959167e+00,-2.4344072342e+00
-4.0656652451e+00,-2.4724332988e-01
4.3215563893e-01,-3.9927480221e+00
-3.8533570766e+00,9.7173780203e-02
3.6677954197e+00,1.5229463577e-01
3.6228272915e+00,-3.6916038394e-01
2.8061039448e+00,-2.8165285587e+00
-2.3212566972e-01,3.5259642601e+00
-3.0878439546e-01,-3.8024477959e+00
-2.1326094866e-03,-3.8102595806e+00
3.6167106628e+00,-3.5991293192e-01
-7.3371738195e-02,4.1426024437e+00
5.0171166658e-01,-3.9929697514e+00
2.9776496887e+00,-2.9967668056e+00
3.4300174713e+00,-2.5524826050e+00
-3.8260865211e+00,2.0248688757e-01
2.3366999812e-03,3.0699076653e+00
-3.0403766632e+00,2.3225071430e+00
2.7080307007e+00,-3.1800165176e+00
4.1826467514e+00,1.6414272785e-01
2.4927191734e+00,-2.4826619625e+00
3.0970897675e+00,-2.8084259033e+00
2.4239814281e+00,3.7191154957e+00
-1.9405849278e-01,3.7995054722e+00
4.2248992920e+00,3.2368108630e-01
-5.0455454737e-02,4.1764507294e+00
3.8562035561e+00,-1.7814797163e-01
2.5301246643e+00,-2.5330297947e+00
3.5912802815e-01,4.1412587166e+00
-2.8979578614e-01,3.9713339806e+00
3.0331850052e+00,-2.6254634857e+00
2.1066274643e+00,-2.7019691467e+00
-1.9492731988e-01,4.2077622414e+00
-1.1183182895e-01,4.2444505692e+00
2.5260505676e+00,-2.5195555687e+00
3.2208442688e+00,3.2603070736e+00
2.8222098351e+00,-2.2353956699e+00
-3.9550743103e+00,8.8522464037e-02
-2.4104173481e-01,-3.5701448917e+00
-7.6655721664e-01,-3.2606811523e+00
-2.5584645271e+00,2.8677494526e+00
-2.8789124489e+00,-2.6827235222e+00
3.3186514378e+00,-2.7749757767e+00
2.3016037941e+00,-3.1617858410e+00
3.6830408573e+00,-8.3880960941e-02
-2.5841863155e+00,-2.5850818157e+00
3.0163588524e+00,2.7733378410e+00
-2.8728597164e+00,2.7226915359e+00
3.7102930546e+00,3.2285356522e-01
-4.4999737740e+00,-3.7800973654e-01
1.1431755871e-01,3.8567700386e+00
3.8249454498e+00,1.7312510312e-01
3.3827681541e+00,3.8724175096e-01
4.2592966557e-01,-3.9396085739e+00
4.1245484352e+00,-3.7044391036e-02
-2.6644105911e+00,-3.2470550537e+00
3.3734393120e+00,-2.9110386372e+00
3.2117004395e+00,-2.6444511414e+00
2.9031796455e+00,2.9212431908e+00
-1.3427330554e-01,3.8696184158e+00
3.3006422520e+00,-3.2591726780e+00
2.5637726784e+00,2.6293380260e+00
-2.8159041405e+00,2.6514601707e+00
3.0798935890e+00,-3.1302909851e+00
4.3405766487e+00,-2.2482362390e-01
-2.6005554199e+00,2.7810418606e+00
-3.4496182203e-01,-4.2787771225e+00
5.0712078810e-01,-3.5653669834e+00
2.7946903706e+00,-2.7420535088e+00
3.1085054874e+00,2.2259502411e+00
-2.4706051350e+00,-2.8468322754e+00
2.9374277592e+00,-2.7745394707e+00
-2.1762555838e-01,4.3169107437e+00
-2.5594592094e+00,-2.7882997990e+00
-4.0902757645e+00,-2.5377053022e-01
6.0688279569e-02,4.0170025826e+00
-1.1364749074e-01,3.9889924526e+00
-3.0276803970e+00,-2.4113605022e+00
3.4392453730e-02,3.7743694782e+00
2.8369245529e+00,-2.9630017281e+00
-2.8125357628e+00,-2.9034183025e+00
3.7540141493e-02,4.1101307869e+00
2.3610176146e-01,4.5232086182e+00
-5.1609784365e-01,4.2390532494e+00
-2.5756554604e+00,-2.8338699341e+00
2.2768630981e+00,2.7271320820e+00
2.5330424309e+00,-2.7339081764e+00
-2.7770855427e+00,3.1534411907e+00
-4.0925917625e+00,6.6066259146e-01
2.7746176720e+00,-2.5317862034e+00
4.4340357184e-01,-3.6528797150e+00
3.0527267456e+00,-2.8485493660e+00
-2.9988291264e+00,-2.5840780735e+00
3.7945172787e+00,5.9860062599e-01
-2.9394567013e+00,2.5093622208e+00
2.8539977074e+00,-3.0540101528e+00
2.8532395363e+00,3.0114941597e+00
-4.1248555183e+00,-1.9389942288e-01
-2.8405518532e+00,2.7342000008e+00
4.4419951439e+00,-7.6485240459e-01
4.0839247704e+00,-3.5356858373e-01
4.1997795105e+00,1.6043549776e-01
2.9574334621e+00,-2.4923055172e+00
-3.2590462069e-05,3.7031593323e+00
-2.6603982449e+00,-2.7410109043e+00
4.0915379524e+00,1.7302946746e-01
-4.3404469490e+00,-2.9907962680e-01
-2.8135251999e+00,3.0173628330e+00
-3.0309865475e+00,2.9423294067e+00
1.8265053630e-01,-4.3578023911e+00
2.9019324109e-02,3.5774331093e+00
2.8195056915e+00,2.7399511337e+00
-3.1338121891e+00,-2.4004650116e+00
4.1689977646e+00,-4.2451781034e-01
-3.2523789406e+00,3.6055946350e+00
2.6435095072e-01,-3.9249112606e+00
3.2452168465e+00,-2.8303465843e+00
-3.9841787815e+00,3.7089449167e-01
4.3480463326e-02,3.7565045357e+00
-4.0694231987e+00,1.0597864538e-01
4.4585084915e+00,-1.2145497650e-01
-6.4633119106e-01,-3.7770924568e+00
-3.8352751732e-01,3.3875722885e+00
-1.6059027612e-01,-4.0405988693e+00
-4.6159038544e+00,-1.5330348909e-01
-4.0983471870e+00,1.7572167516e-01
3.7843003273e+00,-4.5103120804e-01
2.2650375366e+00,-2.9768502712e+00
1.4920901507e-02,4.1960816383e+00
2.9349687099e+00,2.8833062649e+00
4.3182182312e-01,3.9420988560e+00
-3.3337113857e+00,3.1705236435e+00
1.2394585460e-01,4.1296639442e+00
8.2026407123e-02,-3.8043663502e+00
-1.8026094139e-01,4.3027863503e+00
2.7621345520e+00,2.7686231136e+00
4.1909141541e+00,-1.5114456415e-01
-2.9188473225e+00,-2.9057121277e+00
2.8118395805e+00,-3.2027020454e+00
-3.1120786667e+00,2.9232170582e+00
2.4684984684e+00,-2.9156994820e+00
4.2504520416e+00,1.4210256934e-01
-3.9369351864e+00,-9.6604958177e-02
3.5223965645e+00,2.7280395851e-02
-2.9693858624e+00,-3.2639431953e+00
-4.0230121613e+00,4.9572579563e-02
4.2912960052e+00,-5.8179789782e-01
2.8334772587e+00,-3.6237111092e+00
-4.1063575745e+00,8.9644871652e-02
-3.8706925511e-01,-3.4013752937e+00
2.8824958205e-01,-3.9729387760e+00
-5.0274282694e-02,-3.8179526329e+00
-2.6029446125e+00,3.2440297604e+00
2.9780788422e+00,-3.2245466709e+00
-3.0083112717e+00,-2.3913791180e+00
-3.8956792355e+00,-2.4148167670e-01
2.7454057336e-01,3.9449269772e+00
-4.4276499748e+00,-4.0905267000e-01
-3.6557962894e+00,6.1299633235e-03
-4.0690732002e+00,1.2398591265e-02
5.4025751352e-01,-4.2398223877e+00
4.0056076050e+00,-1.7962484062e-01
-3.7033956051e+00,-2.0386626944e-02
-4.6463149786e-01,4.2940106392e+00
-4.2857818604e+00,-8.5363462567e-02
2.6336860657e-01,-3.9513409138e+00
1.8091566861e-01,-4.1870355606e+00
-2.6916384697e+00,3.0036487579e+00
3.0246484280e+00,3.1699354649e+00
-3.8154428005e+00,9.8788104951e-02
4.0295143127e+00,-2.2489596903e-01
2.8702306747e+00,2.8810305595e+00
2.9523270130e+00,2.8496212959e+00
2.2025160789e+00,2.4733784199e+00
-2.6980640888e+00,-2.9934768677e+00
3.9195463657e+00,2.2893348336e-01
-7.6651029289e-02,4.4119572639e+00
2.4485833645e+00,-2.8586611748e+00
2.5168843269e+00,3.1853694916e+00
-4.5085260272e-01,-3.7964174747e+00
2.9467973709e+00,-2.8185257912e+00
-2.8505809307e+00,2.5471599102e+00
2.8157718182e+00,-2.6785855293e+00
-3.2338864803e+00,-2.0398171246e-01
2.9893512726e+00,-2.8421022892e+00
-3.1878144741e+00,-2.7597910166e-01
-3.2326427102e-01,3.6588621140e+00
3.4802508354e-01,4.0874485970e+00
-2.9947872162e+00,2.7917122841e+00
2.7510485649e+00,-2.8934116364e+00
2.5696392059e+00,-3.1432406902e+00
8.0843549222e-03,3.2633557320e+00
2.6993715763e+00,3.0671694279e+00
-2.8387856483e+00,2.6691460609e+00
3.1655228138e+00,2.4881391525e+00
-2.6802732944e+00,-3.0649795532e+00
1.1281900853e-01,-3.6752269268e+00
4.0865898132e+00,-3.7473566830e-02
-1.2918974459e-01,-4.2739267349e+00
3.0037145615e+00,3.1434090137e+00
3.1775369644e+00,-3.2178845406e+00
-3.2918794155e+00,-2.4869713783e+00
-2.4447448254e+00,2.8626291752e+00
-7.4276112020e-02,-3.9990422726e+00
4.3971443176e+00,2.5324466825e-01
3.1576440334e+00,3.1056833267e+00
-5.6343579292e-01,-4.0177178383e+00
2.7960109711e+00,2.8606491089e+00
1.9510972500e-01,-3.9051651955e+00
1.4503026009e-01,-4.4323654175e+00
-7.5587666035e-01,-4.2979722023e+00
-2.4305760860e+00,-3.1751103401e+00
3.6994574070e+00,2.2288452089e-01
-3.1540567875e+00,2.9284269810e+00
-3.5746839046e+00,-4.9884042144e-01
3.9464824200e+00,-2.7095037699e-01
2.9122080803e+00,-2.5522108078e+00
-2.3386476934e-01,-3.4497056007e+00
-2.6037907600e-01,3.8640375137e+00
-2.8303837776e+00,2.9287979603e+00
2.4938411713e+00,2.9901874065e+00
-2.5398714542e+00,-3.1787576675e+00
3.7681696415e+00,-5.1105801016e-02
-9.5784418285e-02,4.3555440903e+00
2.5533753633e-01,-3.5766835213e+00
-3.8213002682e+00,3.1258133054e-01
3.0652027130e+00,3.0595993996e+00
-2.2457866669e+00,-2.5734663010e+00
-3.6777037382e-01,-4.4046258926e+00
1.8468283117e-01,3.5426502228e+00
2.3624970913e+00,-3.1836869717e+00
-3.8679075241e+00,-2.6993048191e-01
1.7213997245e-01,3.8260838985e+00
-3.4385724068e+00,2.8438045979e+00
-2.8702876568e+00,-2.7562985420e+00
2.7315953374e-01,-3.8566999435e+00
3.3753249049e-01,3.7425448895e+00
-2.5816836357e+00,-2.4768614769e+00
4.0908851624e+00,-1.6843393445e-01
-3.0389380455e+00,2.1126091480e+00
2.8112959862e+00,3.1964125633e+00
2.8392570019e+00,-2.8099422455e+00
2.7669441700e+00,2.7054889202e+00
2.6875693798e+00,-2.5971820354e+00
-4.0868382454e+00,3.9742210507e-01
4.5062360764e+00,-3.7257504463e-01
-4.6566429138e+00,-2.4790552258e-01
2.4655513763e+00,2.8338499069e+00
4.0258126259e+00,1.5320011973e-01
-2.9886517525e+00,3.0230157375e+00
-4.1698150635e+00,-5.2605867386e-02
-2.4140634537e+00,3.2913291454e+00
2.6302368641e+00,-3.0007824898e+00
2.4584856033e+00,1.8589131832e+00
3.0683090687e+00,2.8612618446e+00
2.8522081375e+00,-2.3953790665e+00
3.5092687607e+00,-4.6850246191e-01
-2.3543353081e+00,3.6782779694e+00
1.2391095608e-01,3.9807238579e+00
-3.9746344090e+00,-1.3071349263e-01
2.5708808899e+00,2.6720652580e+00
-4.1410827637e+00,2.1218259633e-01
3.3121343702e-02,-4.2854518890e+00
4.1799769402e+00,-7.9615592957e-02
-3.9380128384e+00,-2.3313631117e-01
-4.0706315041e+00,-4.5168247819e-01
-2.7532629967e+00,2.9055864811e+00
-2.7252337933e+00,-2.7849798203e+00
-3.5272920132e-01,4.3320755959e+00
-2.4897800386e-01,3.5707414150e+00
3.6523423195e+00,7.0047408342e-02
2.8721518517e+00,2.7724716663e+00
-4.1992998123e+00,-1.6500943899e-01
-3.2037549019e+00,-2.3651537895e+00
3.7547166348e+00,3.7507554889e-01
-3.1978614330e+00,-2.8987948895e+00
3.0704259872e+00,2.9684286118e+00
-2.4759323597e+00,-3.2725112438e+00
3.1356818676e+00,-2.8074023724e+00
2.2980318069e+00,2.7599337101e+00
-2.5813558698e-01,3.7720377445e+00
1.0934694111e-01,-3.9266686440e+00
2.5201156139e+00,2.5743222237e+00
-9.9751025438e-02,4.2111487389e+00
4.1534919739e+00,2.3850736022e-01
-2.5635838509e+00,2.6357944012e+00
-3.6059221625e-01,-3.9561948776e+00
-2.7315824032e+00,-2.9376213551e+00
3.1290974617e+00,-3.3584506512e+00
-2.7479228973e+00,2.3096363544e+00
3.6957883835e+00,-3.6925286055e-02
4.0467491150e+00,3.4685455263e-02
3.0946593285e+00,-3.5276396275e+00
-2.2298765182e+00,-2.6071591377e+00
2.5181047916e+00,2.9087181091e+00
-2.9054963589e-01,-3.8415014744e+00
1.4518055320e-01,4.1777563095e+00
-1.8391178548e-01,3.8766281605e+00
-4.1495475769e+00,1.9847787917e-01
3.9051427841e+00,3.3162063360e-01
2.8633260727e+00,3.2550454140e+00
-3.8503887653e+00,3.4124314785e-01
4.0496363640e+00,6.2148404121e-01
2.7007260323e+00,2.3932306767e+00
2.5461888313e+00,2.6525855064e+00
-3.9786987305e+00,-1.6004232690e-02
4.0928583145e+00,8.7853848934e-02
4.0585253388e-02,-3.6967244148e+00
-2.4212982655e+00,-2.9718840122e+00
2.9222218990e+00,2.7272710800e+00
-2.6866674423e+00,2.9167950153e+00
4.1848840714e+00,8.0080384016e-01
2.5858321190e+00,3.0320973396e+00
2.4185819626e+00,3.3321921825e+00
3.3021631241e+00,2.9007089138e+00
-2.5545179844e+00,2.8663966656e+00
-4.4122805595e+00,-2.0352809131e-01
-6.1792647839e-01,-4.1382217407e+00
-2.8798801899e+00,-2.7703261375e+00
-4.2382807732e+00,1.3874672353e-01
-3.3662886620e+00,-4.7111764550e-01
2.5191168785e+00,-2.9698593616e+00
2.4457988739e+00,2.6573765278e+00
-1.2423010170e-01,-3.8133280277e+00
-3.0466432571e+00,2.9273307323e+00
3.0356297493e+00,3.2619671822e+00
4.1112928391e+00,2.0449918509e-01
-5.3489875048e-02,3.9175245762e+00
1.0995497555e-01,4.1252241135e+00
-2.6832213402e+00,-2.7549891472e+00
-3.1679968834e+00,-2.8596208096e+00
-2.0644241571e-01,-4.0805459023e+00
2.8068010807e+00,-2.9344546795e+00
-4.3366169930e+00,-4.4852469116e-02
-3.0451147556e+00,-2.9407763481e+00
3.9744632244e+00,9.1251045465e-01
2.7047531605e+00,-2.7295870781e+00
-4.2425539345e-02,-4.3504080772e+00
4.0396342278e+00,4.8363901675e-02
3.9738209248e+00,-1.7648419738e-01
3.1502499580e+00,-3.5971851349e+00
-3.9836740494e+00,-6.0254627466e-01
-2.7451395988e+00,-3.0604526997e+00
-2.7676293850e+00,2.4951679707e+00
5.0561279058e-01,3.8770165443e+00
-2.6025280952e+00,-2.6737427711e+00
3.7665268779e-01,3.7505671978e+00
-2.2291836739e+00,2.3116259575e+00
1.6813581809e-02,3.9368872643e+00
-3.0838296413e+00,-2.8439428806e+00
2.4074771404e+00,-3.0542075634e+00
1.1699352413e-01,4.1483058929e+00
-1.6558803618e-01,-3.6495680809e+00
3.8078107834e+00,-4.0397286415e-02
-3.9948984981e-02,-3.9407081604e+00
2.7148602009e+00,2.8000552654e+00
-3.1214857101e+00,2.8744482994e+00
-4.0012307167e+00,-5.4314807057e-02
-4.0921797752e+00,-1.5702360868e-01
4.0987887383e+00,3.5673081875e-02
-3.9824111462e+00,2.4101166427e-01
-2.8857259750e+00,3.0073661804e+00
3.9532582760e+00,-3.3714249730e-01
2.2384154797e+00,-2.9566690922e+00
-5.1427241415e-02,-3.8243286610e+00
-3.9427042007e+00,-1.9290076196e-01
-3.5452034790e-03,4.2350850105e+00
-1.3950932026e-01,3.6247894764e+00
-3.3943853378e+00,3.0887656212e+00
-3.0329167843e+00,2.8867504597e+00
-2.4612734318e+00,2.6955432892e+00
-2.1076624095e-01,-3.8397741318e+00
3.0547404662e-02,-3.6548802853e+00
3.8000645638e+00,5.4764652252e-01
-2.7291388512e+00,3.3294291496e+00
3.5639262199e+00,-2.5646753311e+00
2.8743691444e+00,-3.2519328594e+00
-2.8243582249e+00,2.7363514900e+00
-3.8179550171e+00,3.6760962009e-01
4.2638540268e+00,2.7042207122e-01
-5.4069912434e-01,4.0869197845e+00
3.1019988656e-01,-4.0607957840e+00
-3.4961700439e+00,4.5444980264e-01
2.8047690392e+00,-2.7874965668e+00
2.6688237190e+00,-3.3793768883e+00
4.1306397319e-01,4.0125608444e+00
2.6491117477e+00,2.8669147491e+00
-2.7973527908e+00,2.7211468220e+00
2.7102456093e+00,2.8188767433e+00
-2.4561944008e+00,3.6757521629e+00
-2.7758998871e+00,2.3895330429e+00
-2.7054586411e+00,-2.7032170296e+00
-3.6075976491e-01,-4.2200798988e+00
2.7486169338e+00,2.6896255016e+00
-3.8194282055e+00,5.2051103115e-01
2.7671995163e+00,-2.5299057961e+00
3.3586966991e-01,4.1560497284e+00
2.8538684845e+00,3.1217772961e+00
2.8868367672e+00,2.3274502754e+00
-4.7123913765e+00,-9.4332404435e-02
-3.9343328476e+00,-2.4560104311e-01
3.8508412838e+00,-1.2774695456e-01
2.3121131584e-02,4.9594783783e+00
-2.8451030254e+00,-2.8327145576e+00
-3.7328500748e+00,-4.5998570323e-01
-8.2908771932e-02,-4.1261024475e+00
3.8600933552e+00,-2.6772165298e-01
2.9389319420e+00,-2.6574625969e+00
-3.4782996178e+00,-2.9834983349e+00
-1.8554417789e-01,-4.1387825012e+00
2.6393849850e+00,2.3153228760e+00
2.7522342205e+00,-2.8438775539e+00
-2.5226480961e+00,2.3822228909e+00
-3.9470717311e-01,4.6977195740e+00
-5.8925044537e-01,-4.5357184410e+00
-2.8060030937e+00,2.6981530190e+00
9.8317898810e-02,-3.9615066051e+00
3.2506093979e+00,2.5915424824e+00
-2.4446190894e-01,4.0975432396e+00
3.6468845606e-01,3.6843001842e+00
2.9436688423e+00,2.8518364429e+00
5.7660174370e-01,4.0977210999e+00
3.4270873070e+00,8.1745274365e-02
2.3799583316e-01,-4.1533231735e+00
4.4785251617e+00,-2.3809610307e-01
3.1678106785e+00,2.2043235302e+00
-2.7364954948e+00,-3.1246395111e+00
2.6061677933e+00,2.3890080452e+00
3.8583202362e+00,4.0859213471e-01
7.2113454342e-01,4.3734784126e+00
-2.9990804195e+00,-2.7850983143e+00
3.8319718838e+00,-2.4183079600e-01
2.5347661972e+00,-2.3964509964e+00
3.1125097275e+00,2.9881801605e+00
-3.4153854847e+00,2.8696193695e+00
9.3152426183e-02,-3.6503875256e+00
-1.0666865110e-01,4.3370842934e+00
4.5547537506e-02,-4.4651694298e+00
-3.7802808285e+00,2.5674086809e-01
2.9277331829e+00,2.9881763458e+00
2.8107454777e+00,-2.8130292892e+00
2.7190625668e+00,2.7564637661e+00
3.0305767059e+00,-2.7896203995e+00
-2.9537138939e+00,2.9807446003e+00
2.7183783054e+00,-2.8125977516e+00
-3.0433173180e+00,-2.7310786247e+00
-1.4500078559e-01,3.6580400467e+00
2.7334315777e+00,3.4162147045e+00
-1.0023776442e-01,-3.7916522026e+00
-2.8801729679e+00,-3.0093979836e+00
-2.8697381020e+00,-2.6139416695e+00
-2.2835514545e+00,3.0753502846e+00
5.2969187498e-02,4.3025169373e+00
3.1645362377e+00,3.3055067062e+00
-2.7816386223e+00,2.5773036480e+00
3.2572069168e+00,2.9303414822e+00
2.4795861244e+00,2.7694909573e+00
3.8049343228e-01,4.0571265221e+00
-4.0469818115e+00,-1.2486910447e-02
-3.0228698254e+00,-2.7063925266e+00
-3.6290950775e+00,2.9422053695e-01
4.0992984772e+00,-2.9527515173e-02
-3.1769099236e+00,-2.8076875210e+00
-2.0296622813e-01,-4.1935787201e+00
-2.9398832321e+00,-2.8970351219e+00
3.7859937549e-01,-4.3599972725e+00
3.1264634132e+00,2.9379754066e+00
-3.8477866650e+00,-1.3992187381e-01
3.0975735188e+00,2.9579012394e+00
3.1429793835e+00,-3.1312325001e+00
1.2929847836e-01,-3.7408618927e+00
-2.4415695667e+00,2.8567469120e+00
-2.6882078648e+00,2.7871258259e+00
-4.3395123482e+00,1.4930638671e-01
3.1435570717e+00,-2.7418465614e+00
-3.1250865459e+00,2.3693351746e+00
-3.3030650616e+00,2.8958320618e+00
-5.7026875019e-01,3.8777971268e+00
2.4592094421e+00,2.6847064495e+00
5.6272244453e-01,3.3114080429e+00
2.0488141477e-01,-4.1172857285e+00
2.5532689095e+00,2.6961953640e+00
2.7499322891e+00,2.4530935287e+00
3.0397737026e+00,-2.8076303005e+00
3.9568769932e+00,1.4909827709e-01
-2.6688694954e+00,2.9936325550e+00
3.3708143234e+00,-2.5299924612e-01
4.4736490250e+00,2.0502319932e-01
3.2377276421e+00,3.3430228233e+00
-3.1298622489e-01,3.6038858891e+00
7.1307517588e-02,4.6706213951e+00
3.0076181889e+00,3.4773180485e+00
-3.1118075848e+00,-2.9380841255e+00
-2.8938424587e+00,2.8765439987e+00
-1.7852269113e-01,4.2318954468e+00
7.1525909007e-02,-4.2488408089e+00
-2.8249247074e+00,2.9421043396e+00
3.2499880791e+00,3.1390197277e+00
-3.4268896580e+00,-1.1205958575e-01
2.8520114422e+00,-3.3865768909e+00
-3.5551378727e+00,-2.5903477669e+00
3.7205741405e+00,-1.8710757792e-01
2.9129576683e+00,2.9552416801e+00
3.1769568920e+00,2.8673689365e+00
-3.3029751778e+00,2.9157004356e+00
-1.1457958072e-01,-4.4472789764e+00
2.4526998997e+00,-2.7660737038e+00
3.9162690639e+00,-2.0947384834e-01
2.4847640991e+00,-3.2641239166e+00
-2.6148514748e+00,3.2396721840e+00
2.3908517361e+00,-2.8629667759e+00
4.0464453697e+00,5.5384510756e-01
3.9946863651e+00,-2.2341524065e-01
3.2535152435e+00,-2.9569008350e+00
1.5224239230e-01,3.7359750271e+00
2.3865753412e-01,4.1376109123e+00
3.2025005817e+00,3.1852464676e+00
3.2245604992e+00,3.2567458153e+00
-2.8920132667e-02,-3.8857183456e+00
-1.0927108675e-01,3.6995923519e+00
-2.8203713894e+00,3.0327274799e+00
-3.7832329273e+00,-4.4365626574e-01
2.7383346558e+00,-2.9269475937e+00
3.1304175854e+00,2.2830090523e+00
3.2255220413e+00,-3.6871814728e+00
4.0165286064e+00,1.5425613523e-01
-3.3720984459e+00,-3.3297629356e+00
4.2040052414e+00,-3.7149187177e-02
-3.3850855827e+00,-3.1006376743e+00
-3.8973150253e+00,1.2017573416e-01
3.6549220085e+00,-3.9673301578e-01
-3.5690762997e+00,-4.3758042157e-02
-1.5299811959e-01,4.7565135956e+00
1.9310720265e-01,-4.0150914192e+00
-3.4195563793e+00,-2.3296239376e+00
-5.5077552795e-01,4.1558423042e+00
2.4925622940e+00,-3.0589010715e+00
3.8167319298e+00,-2.6194319129e-01
-3.2687273622e-01,-3.8235473633e+00
-2.4695433676e-01,4.0508885384e+00
-3.1478989124e+00,3.1819627285e+00
2.4058921337e+00,-2.6582617760e+00
4.1769208908e+00,7.3142921925e-01
-2.6402106285e+00,2.8244471550e+00
3.3094711304e+00,2.9851729870e+00
2.9377648830e+00,-2.8319725990e+00
-2.8339121342e+00,3.0202832222e+00
-2.9018409252e+00,-2.6381206512e+00
-3.8474912643e+00,1.9257088006e-01
-6.2850648165e-01,-3.9692485332e+00
1.9805148840e+00,-2.7543668747e+00
2.6366953850e+00,2.7427268028e+00
-2.4404397607e-01,-3.9351720810e+00
-3.3709341288e-01,4.0869626999e+00
2.5579777360e-01,-3.9639074802e+00
-3.7116079330e+00,2.1194948256e-01
2.8617844582e+00,3.1921195984e+00
3.2117376328e+00,1.1543399654e-02
-3.9493405819e+00,-1.5067413449e-01
3.6737170219e+00,-1.1116418056e-02
-3.1359620094e+00,2.9425756931e+00
-2.3437142372e+00,3.1023955345e+00
3.9825286865e+00,4.2164567858e-02
4.8576775193e-01,-4.3828082085e+00
-2.2295508534e-02,-4.0332493782e+00
2.8712837696e+00,-2.7651870251e+00
-6.3987397589e-03,-3.8344082832e+00
-3.8271968365e+00,-2.7617162466e-01
-1.8375852704e-01,-3.6827788353e+00
3.1921041012e-01,-4.4542994499e+00
3.8216600418e+00,3.0460737180e-03
3.7365477085e+00,-6.2849694490e-01
3.0250916481e+00,-3.3232405186e+00
8.8935650885e-02,3.6908435822e+00
3.1183733940e+00,3.1507318020e+00
-3.0046715736e+00,2.9636387825e+00
3.9711406231e+00,-5.2335590124e-01
-2.8868176937e+00,2.8231084347e+00
2.5963983536e+00,-2.8925285339e+00
2.6467766762e+00,2.9867405891e+00
4.0451250076e+00,-1.0939598083e-01
-2.6308355331e+00,2.1446168423e+00
4.0362658501e+00,1.1507912725e-01
-3.6677742004e+00,1.7667725682e-01
2.7988016605e+00,-2.6517472267e+00
4.1761989594e+00,3.2114886562e-04
-2.1500296593e+00,-2.7792110443e+00
3.4280345440e+00,-2.7184066772e+00
3.1101486683e+00,-2.9044718742e+00
2.5388306379e-01,4.1194481850e+00
1.6435718536e-01,-4.5235486031e+00
-2.9498407841e+00,-2.1437714100e+00
-3.9569165707e+00,-2.5961109996e-01
-2.7149572372e+00,-3.0733151436e+00
2.6362037659e+00,-3.0109679699e+00
4.0844955444e+00,1.1725458317e-02
2.9534933567e+00,-3.3386242390e+00
-2.4470939636e+00,-2.7827968597e+00
-2.9402914047e+00,-2.9173412323e+00
2.3024752736e-02,4.1200313568e+00
-4.7082114965e-02,-3.7726235390e+00
4.0370111465e+00,4.0857565403e-01
3.8288543224e+00,3.5972088575e-01
4.5563302040e+00,-2.1446815133e-01
3.2776463032e+00,2.8557665348e+00
4.2108645439e+00,-3.6337345839e-01
2.5032730103e+00,2.8593621254e+00
-3.1130797863e+00,2.8670182228e+00
-4.0650930405e+00,-2.1612004936e-01
3.4668381214e+00,-3.8480028510e-01
3.8205008507e+00,-3.6866861582e-01
2.5433726311e+00,3.2270379066e+00
1.1410953850e-01,3.8645708561e+00
-2.9002718925e+00,2.9604673386e+00
2.9956722260e+00,2.6111485958e+00
-4.5880101621e-02,3.9954826832e+00
-3.1086735725e+00,-2.2311763763e+00
3.2056913376e+00,-2.9261884689e+00
-3.0458767414e+00,2.6449317932e+00
-3.2340445518e+00,-2.6543684006e+00
3.8983747363e-01,4.3795490265e+00
3.2078601420e-02,4.0076637268e+00
2.9408860207e+00,-2.8896744251e+00
-2.8341164589e+00,3.0835442543e+00
-2.3511025310e-01,-4.1979126930e+00
-3.3333353698e-02,3.7986729145e+00
2.7928993702e+00,3.2797749043e+00
-2.7291383743e+00,2.8180239201e+00
-7.1317416430e-01,3.7581994534e+00
-3.4738707542e-01,-4.2495102882e+00
-3.0259675980e+00,3.0364129543e+00
-3.3857474327e+00,2.8842034340e+00
-2.9259572029e+00,-3.0285129547e+00
-6.5575873852e-01,4.1617922783e+00
-1.5900228918e-01,-4.1512255669e+00
-3.6775343418e+00,-6.8073183298e-02
-2.6387208700e-01,3.7584936619e+00
-4.2826566696e+00,3.6420762539e-01
2.5861558914e+00,-2.7392649651e+00
3.0552315712e+00,2.9562656879e+00
-3.9587275982e+00,9.0671464568e-04
2.3968896866e+00,2.9946579933e+00
-1.1882426590e-01,4.3631315231e+00
4.2275667191e+00,-3.7652444839e-01
2.9903206229e-01,-4.1683635712e+00
-3.8228957653e+00,4.7630855441e-01
-3.9570400715e+00,-1.9898344576e-01
-3.8007578850e+00,-4.8881877214e-02
-2.5664744377e+00,-2.7455782890e+00
4.5702118874e+00,1.6241344810e-01
-2.5768513680e+00,-3.0107676983e+00
3.5016038418e+00,-1.3314582407e-01
-3.3170404434e+00,2.3464577198e+00
6.3583590090e-02,4.0074338913e+00
-3.1306436062e+00,-2.7298519611e+00
2.5128917694e+00,-2.6943817139e+00
1.4582294226e-01,4.1930785179e+00
-3.7471661568e+00,-2.0736145973e-01
3.9769949913e+00,-5.3438175470e-02
6.6902272403e-02,3.3465027809e+00
3.7983090878e+00,2.8855982423e-01
-2.2241984308e-01,-4.0356602669e+00
9.6836186945e-02,4.0194249153e+00
2.9112172127e+00,-2.7812535763e+00
2.9981565475e+00,3.4214167595e+00
1.4692063630e-01,3.9459459782e+00
-3.1115174294e+00,2.4776391983e+00
7.9074031115e-01,-4.2650475502e+00
-2.9425129890e+00,-2.4558742046e+00
4.0825338364e+00,3.3276581764e-01
-2.7277994156e+00,3.0256698132e+00
2.7545562387e-01,-3.5976519585e+00
-3.0045509338e+00,-2.6438014507e+00
-3.3248000145e+00,2.9088120461e+00
3.0942647457e+00,-2.2893912792e+00
-4.4254198074e+00,2.7024364471e-01
2.7614877224e+00,-2.7955243587e+00
3.8613259792e+00,-3.6229661107e-01
3.8751428127e+00,1.6548493505e-01
3.3356237411e+00,-2.8589305878e+00
-5.7812321186e-01,-3.8469507694e+00
-1.7159801722e-01,-3.8461434841e+00
-1.4911057055e-01,3.7950479984e+00
3.0486149788e+00,2.3263301849e+00
-2.7447619438e+00,-2.9017775059e+00
4.3781471252e+00,-2.5231727958e-01
5.3790330887e-01,-4.0769319534e+00
2.6477460861e+00,3.3704471588e+00
-3.1880512238e+00,3.1253201962e+00
-2.4381737411e-01,-3.4993920326e+00
1.9624240696e-01,-4.0991210938e+00
-2.4834761620e+00,2.7673261166e+00
2.7531272173e-01,4.1587314606e+00
-2.5838780403e-01,-4.5087800026e+00
2.8909075260e+00,2.5574069023e+00
-2.9998557568e+00,-2.9971029758e+00
-3.9335160255e+00,-2.4473030865e-01
-2.8155374527e+00,3.0156605244e+00
3.2521381378e+00,-2.5916950703e+00
-3.1573543549e+00,2.7241103649e+00
3.3546450138e+00,2.9951908588e+00
1.2126562744e-01,-3.8393344879e+00
2.8751501441e-01,4.4043703079e+00
7.0248730481e-02,-4.1974678040e+00
-2.6632695198e+00,2.9490842819e+00
3.1382098198e+00,-2.6058192253e+00
-4.2740774155e+00,-5.1296155900e-02
-2.9031677246e+00,3.0994741917e+00
-4.4879800081e-01,3.8245391846e+00
2.7487604618e+00,-2.8104243279e+00
4.0216507912e+00,2.1021556854e-01
2.6885063648e+00,-2.7417428493e+00
1.7859880626e-01,4.3304972649e+00
3.3141584396e+00,2.6426942348e+00
-3.0379786491e+00,2.7913913727e+00
-4.1090755463e+00,-2.3698151112e-01
-9.8266728222e-02,-3.7462921143e+00
-2.3801572323e+00,-2.6097331047e+00
1.8630281091e-01,-3.5793049335e+00
-4.2269668579e+00,-6.6928321123e-01
1.9638219476e-01,4.4773416519e+00
-4.0501666069e+00,6.9952791929e-01
-2.5943274498e+00,-3.2778315544e+00
6.3368868828e-01,3.6589159966e+00
2.5116381645e+00,2.7155249119e+00
2.8758244514e+00,-2.6242771149e+00
-2.9012260437e+00,-2.4792675972e+00
-4.0186734200e+00,-2.7660849690e-01
-4.6129736304e-01,-3.9179575443e+00
3.6383531094e+00,-1.8858225644e-01
2.9918608665e+00,-2.3845114708e+00
-4.0531501770e+00,3.7129279226e-02
-3.0247247219e+00,2.8034636974e+00
-3.2922453880e+00,2.9799630642e+00
-2.6615624428e+00,2.6167802811e+00
-4.4235830307e+00,5.6882888079e-01
-2.9724085331e+00,-3.1565198898e+00
3.3553342819e+00,3.2515699863e+00
3.2730586529e+00,-3.2318170071e+00
3.2359009981e-01,4.5225114822e+00
-4.4368393719e-02,4.0920319557e+00
-4.9520134926e-02,3.9530453682e+00
3.6375265121e+00,3.8050773740e-01
-2.6953196526e+00,2.6766002178e+00
-3.3668005466e+00,2.8999862671e+00
2.5663237572e+00,2.8431944847e+00
-7.3415435851e-02,-3.8089606762e+00
-2.6823296547e+00,-2.7825527191e+00
-3.8409845829e+00,-1.6874809563e-01
-2.8335168362e+00,2.3499844074e+00
2.6871275902e+00,2.8438191414e+00
-3.9598145485e+00,1.5456131101e-01
2.8853518963e+00,-2.7047727108e+00
-2.9266581535e+00,2.8040926456e+00
2.9427216053e+00,3.3101558685e+00
1.1356554180e-01,3.7043309212e+00
2.2375254631e+00,-2.9639210701e+00
2.4960150719e+00,3.1297056675e+00
4.2179465294e+00,5.2641022950e-02
2.7501668930e+00,3.0195064545e+00
-2.8001842499e+00,2.1341338158e+00
2.1371034905e-02,4.3764839172e+00
3.1034460664e-01,-4.9001750946e+00
-9.3130134046e-02,-4.1328520775e+00
4.0026421547e+00,-4.9664473534e-01
-2.9925510883e+00,-3.0933623314e+00
-4.0950455666e+00,3.7389570475e-01
2.7335968018e+00,-2.3995158672e+00
3.9593791962e+00,-1.3152827322e-01
-7.4573151767e-02,3.8800079823e+00
-2.9766124487e-01,-3.6886816025e+00
6.7207068205e-02,3.8517799377e+00
-3.9304914474e+00,-3.1275384128e-02
2.8148541451e+00,-2.4959523678e+00
-2.4801189899e+00,-2.7991714478e+00
-2.2022082806e+00,-2.7578642368e+00
-2.5220761299e+00,-3.3627383709e+00
1.4148673974e-02,3.7398970127e+00
-4.5474867821e+00,-1.7754225433e-01
-1.1647585779e-02,-3.8903625011e+00
-2.6592519283e+00,3.0419456959e+00
3.0650651455e-01,-4.0267100334e+00
4.8071345687e-01,4.4847407341e+00
1.3686271012e-01,-3.8206441402e+00
-4.3181192875e-01,4.3339724541e+00
3.9991950989e+00,4.0525503457e-02
-4.3760332465e-01,3.9799296856e+00
-2.5710589886e+00,-3.0771880150e+00
-3.1501476765e+00,2.5018062592e+00
2.3233377934e+00,3.2122786045e+00
-4.2325553894e+00,-2.1254014224e-02
4.1568369865e+00,-7.9985812306e-02
2.7859313488e+00,2.7229518890e+00
2.5054147243e+00,2.7154734135e+00
2.6339287758e+00,2.9593873024e+00
3.7953407764e+00,4.0920626372e-02
-2.6536204815e+00,-2.7056224346e+00
-3.5824239254e-01,-4.5078158379e+00
3.2854018211e+00,2.7633750439e+00
9.9116541445e-02,-3.9943139553e+00
2.6359052658e+00,-2.3190243244e+00
-2.8238778114e+00,3.1289153099e+00
3.2236552238e+00,2.5361831188e+00
3.7680892944e+00,-2.9987195134e-01
2.4419438839e+00,-2.8641552925e+00
-2.8397915363e+00,3.1066625118e+00
5.2687549591e-01,-3.9383032322e+00
3.7644453049e+00,-2.1845766902e-01
9.1621756554e-02,3.5803210735e+00
3.8946299553e+00,-6.9513219595e-01
1.5018963814e-01,3.9884150028e+00
3.9198732376e+00,-3.7235793471e-01
2.6097574234e+00,-3.4403414726e+00
3.9190545678e-01,3.5929255486e+00
3.0877728462e+00,-2.6416609287e+00
4.3792724609e+00,5.5309150368e-02
3.4186067581e+00,3.2174761295e+00
-2.5043705106e-01,4.2303314209e+00
3.0262849331e+00,-2.8169050217e+00
2.0839290321e-01,3.9222078323e+00
-3.2269861698e+00,-2.8815054893e+00
-4.2380056381e+00,-9.4748698175e-02
3.9564025402e+00,1.5617330372e-01
3.6881108284e+00,-1.5360006690e-01
-2.7489178181e+00,-2.5950031281e+00
-2.2193999290e+00,2.9292502403e+00
-2.5651922226e+00,2.9306704998e+00
-3.0604810715e+00,-2.7018189430e+00
-2.8772834688e-02,4.2767515182e+00
-2.5664563179e+00,3.3318388462e+00
-2.7951619625e+00,2.9115021229e+00
3.2246601582e+00,-2.4641113281e+00
3.9499998093e+00,2.8500577435e-02
-2.8306295872e+00,-2.5190837383e+00
1.2060023099e-01,3.8398051262e+00
2.7425572872e+00,-3.4631071091e+00
2.5422742367e+00,-2.9234435558e+00
4.1219415665e+00,5.1641758531e-02
2.9055089951e+00,2.3833067417e+00
3.1546206474e+00,-2.7642452717e+00
1.9057713449e-01,-4.2697315216e+00
-2.7561290264e+00,2.7385900021e+00
3.0124070644e+00,2.7606325150e+00
-2.6080879569e-01,4.0151424408e+00
2.9877405167e+00,2.9233946800e+00
-3.7720034122e+00,-3.1532120705e+00
-1.3021329045e-01,-3.7511470318e+00
3.0029881001e+00,2.8983652592e+00
-1.5902724862e-01,-4.2472996712e+00
-6.9448751211e-01,-3.6817994118e+00
-3.5064251423e+00,2.5241045281e-02
2.7795665264e+00,-3.6772785187e+00
5.0068014860e-01,-3.9615044594e+00
-4.2807240486e+00,-3.2893836498e-01
3.1330688000e+00,-2.2818994522e+00
-2.5346443653e+00,-2.9763321877e+00
-2.6843485832e+00,-2.5938210487e+00
-2.6046988964e+00,3.1861913204e+00
-2.8081586361e+00,2.0019183159e+00
3.9449834824e-01,4.0140275955e+00
-2.5878617764e+00,-2.9353511333e+00
8.7858237326e-02,-3.3146481514e+00
-2.1645984650e+00,2.6960728168e+00
-3.7643802166e+00,5.3803813644e-03
-4.2682647705e+00,2.0348964632e-01
2.3346908092e+00,2.7139699459e+00
-2.9169774055e+00,2.7952396870e+00
-2.7380695343e+00,2.4707360268e+00
2.7787382603e+00,-3.0615868568e+00
-4.0793356299e-01,3.4016447067e+00
2.8136875629e+00,2.4582526684e+00
2.0186023414e-01,-3.7491838932e+00
1.7009714246e-01,-4.1128478050e+00
1.5618932247e-01,3.9897377491e+00
-3.7583897114e+00,-1.1230707169e-01
1.0618081689e-01,3.4823842049e+00
-2.0827029645e-01,3.7469918728e+00
4.1853566170e+00,1.6073375940e-01
-2.4771649837e+00,2.8228368759e+00
-3.6165039986e-02,-3.8644430637e+00
2.8844542503e+00,-3.4927158356e+00
3.5024660826e-01,3.5590677261e+00
-4.1223669052e+00,2.6416553184e-02
3.9779870510e+00,3.9861789346e-01
3.0918068886e+00,-2.7412111759e+00
2.8253245354e+00,3.2358336449e+00
4.6159792691e-03,-4.2338910103e+00
-2.5066461563e+00,2.7933266163e+00
-2.3055177182e-02,3.8696861267e+00
2.9938840866e+00,2.5566725731e+00
2.8781754971e+00,3.0255832672e+00
6.1439163983e-02,-4.5044159889e+00
2.6834757328e+00,3.4342424870e+00
4.0628848076e+00,1.1032498628e-01
-3.3499584198e+00,4.9076867104e-01
-2.5081043243e+00,-2.7546818256e+00
2.7176628113e+00,-2.5383648872e+00
-5.6707650423e-02,-3.9472815990e+00
4.2311182022e+00,-6.2000775337e-01
3.5847849846e+00,3.0341856480e+00
-4.0181210637e-01,-3.8592195511e+00
-1.7619527876e-01,4.1229228973e+00
-3.1658949852e+00,-2.6719357967e+00
4.1982136667e-02,3.3725333214e+00
2.4428815842e+00,-2.6569364071e+00
6.5092936158e-02,3.9695034027e+00
-4.3111534119e+00,1.6619729996e-01
-2.3883111477e+00,2.5367515087e+00
-4.8294040561e-01,-3.9140007496e+00
4.0957288742e+00,-3.9881180972e-02
3.2804745436e-01,4.0977778435e+00
-3.0633969307e+00,-2.3515381813e+00
-3.9192280769e+00,-3.8498887420e-01
-4.2250280380e+00,-5.5884456635e-01
3.2718310356e+00,2.4517440796e+00
6.6790343262e-03,-4.5751662254e+00
3.6755162477e-01,3.6785631180e+00
-3.6329669952e+00,5.9868907928e-01
-1.0222376138e-01,4.5764284134e+00
-2.9369993210e+00,2.6351943016e+00
-4.0944948196e+00,-1.3870163262e-01
4.1091966629e+00,3.3509332687e-02
2.2966618538e+00,3.0770585537e+00
-4.2842453718e-01,4.0932378769e+00
-6.2381976843e-01,3.8127081394e+00
1.8410226703e-01,-4.7157859802e+00
-4.1627492905e+00,5.4605256766e-02
-3.0299901962e+00,-2.6531338692e+00
-5.8331225067e-02,4.4142732620e+00
-4.2449007034e+00,-2.4594572186e-01
3.0771095753e+00,2.9054293633e+00
-2.6307318211e+00,3.0233991146e+00
-5.0882313401e-02,-4.0484461784e+00
4.2985584587e-02,-4.6605615616e+00
-3.8808538914e+00,1.3611942530e-01
-3.5186022520e-02,4.0314207077e+00
2.5863978863e+00,-3.3933277130e+00
4.4795866013e+00,-9.7919935361e-03
3.0499496460e+00,-2.4403655529e+00
2.6135668755e+00,-3.1819293499e+00
-2.6130032539e+00,-2.6034212112e+00
2.3471000195e+00,-2.3210208416e+00
-3.1453080177e+00,-2.2284626961e+00
-2.4490156174e+00,2.8776049614e+00
3.0615227222e+00,3.2747731209e+00
4.3045787811e+00,-4.0146848559e-01
3.3575267792e+00,3.1013622880e-01
8.2444213331e-02,3.9362981319e+00
3.0695822239e+00,-2.8398773670e+00
-4.0412697792e+00,2.5214079022e-01
-2.5069603324e-01,3.9223694801e+00
-2.5216636658e+00,2.4251224995e+00
2.2638525963e+00,-2.9901914597e+00
-1.3084498048e-01,-3.8446705341e+00
2.8238713741e+00,-2.1573328972e+00
3.8953745365e+00,-1.8323944509e-01
3.8930315971e+00,9.2076793313e-02
3.5549855232e+00,-2.8048057556e+00
-2.9580488205e+00,2.8750586510e+00
-2.5161643028e+00,-2.9160079956e+00
3.8053208590e-01,-3.7506167889e+00
-3.6461110115e+00,4.3041467667e-01
2.5377318859e+00,-3.1608386040e+00
-6.6046243906e-01,-4.0809526443e+00
-2.7867972851e+00,-2.2908430099e+00
2.6928162575e-01,-3.8739213943e+00
5.1391381025e-01,-4.1046876907e+00
-2.7309281826e+00,3.4319553375e+00
-4.3507018685e-01,-3.9817340374e+00
-6.2638871372e-02,4.0375714302e+00
-2.9869647026e+00,-2.4993252754e+00
-6.4744591713e-01,-3.7136435509e+00
1.5628652647e-02,3.7379784584e+00
3.8411803246e+00,-3.1597706676e-01
2.5901980400e+00,2.6634993553e+00
2.9953413010e+00,-2.9086873531e+00
-1.3518658280e-01,-4.0847001076e+00
2.7524008751e+00,2.6357905865e+00
-2.5474133492e+00,-2.7276701927e+00
4.3754048347e+00,-2.1200953424e-01
-2.9913151264e+00,-3.4304065704e+00
-3.8448399305e-01,3.8328301907e+00
3.8722176552e+00,1.2617781758e-01
-3.1594140530e+00,-3.1245920658e+00
-3.9893510342e+00,1.4718233049e-01
-3.1114366651e-01,-4.1949515343e+00
2.9433779716e+00,-2.4152369499e+00
3.7506670952e+00,-4.8554264940e-03
-3.8993101120e+00,2.3691463470e-01
1.4001728594e-01,4.0114283562e+00
-4.5217375755e+00,5.5010281503e-02
-2.8696768284e+00,2.3594598770e+00
4.4267717749e-03,4.3161234856e+00
-3.5319356918e+00,2.6981706619e+00
-3.6742129326e+00,1.9540440291e-02
2.8494715691e+00,-2.5114679337e+00
-3.0507435799e+00,3.2116129398e+00
3.6715281010e-01,4.6767749786e+00
4.1402845383e+00,-2.1480020136e-02
2.8683133125e+00,2.8374686241e+00
-2.8182275295e+00,2.8424365520e+00
2.9485197067e+00,-2.6195745468e+00
-2.9597830772e+00,2.4903616905e+00
3.0203800201e+00,-3.0322344303e+00
3.6263015270e+00,6.5473966300e-02
4.2525949478e+00,-3.5343863070e-02
-3.9953694344e+00,-3.5751786828e-01
3.0221257210e+00,-2.4069671631e+00
-4.1651878357e+00,-2.3863513768e-01
6.1002182961e-01,3.9488866329e+00
4.1258611679e+00,3.6626107991e-02
-2.8396246433e+00,2.6378791332e+00
4.3585732579e-02,-3.6405329704e+00
-3.0498247147e+00,-3.2779903412e+00
-4.9146689475e-02,-3.4755036831e+00
3.5474841595e+00,-2.4572436512e-01
-4.2515745163e+00,1.6681531072e-01
-4.0563446283e-01,-3.9524633884e+00
-3.0042597651e-01,3.9726819992e+00
2.9660875797e+00,-2.7931940556e+00
4.4830398560e+00,-2.8402378783e-02
4.4634280205e+00,-3.3770522475e-01
-2.8771219254e+00,3.2084381580e+00
3.1925787926e+00,-2.8664062023e+00
-3.1696259975e+00,3.3373422623e+00
2.8643443584e+00,-2.9188733101e+00
-3.0860195160e+00,-3.0132474899e+00
2.7844855785e+00,-2.7849903107e+00
2.8985381126e+00,-3.0644702911e+00
3.9141275883e+00,-4.3854087591e-01
-2.4643683434e+00,-2.5860006809e+00
9.4868220389e-02,4.5309152603e+00
-3.0805490017e+00,-2.4955749512e+00
4.1551122665e+00,-7.1941934526e-02
-3.7790367603e+00,-2.0786112547e-01
-2.9929428101e+00,-2.6785349846e+00
-4.0723223686e+00,-1.8482793868e-01
1.6079813242e-01,4.1343169212e+00
-4.1337237358e+00,1.5271690488e-01
-3.1483902931e+00,2.9529702663e+00
-3.6594526768e+00,-6.6739365458e-02
2.9118218422e+00,2.5755515099e+00
-2.9609203339e+00,-3.3573329449e+00
-2.9547038078e+00,2.5335474014e+00
-2.9336576462e+00,2.4774999619e+00
-4.4130864143e+00,3.7298834324e-01
-4.3221917003e-02,3.9013497829e+00
-3.9762067795e+00,-3.6476826668e-01
-3.0233125687e+00,3.6341395378e+00
1.3358490169e-01,-3.6412572861e+00
-2.8021049500e+00,-2.5666747093e+00
2.5120604038e+00,2.8126232624e+00
-3.9839355946e+00,2.9047155380e-01
-4.7573417425e-01,-4.3981628418e+00
2.1414868832e+00,2.6856613159e+00
-3.2871515751e+00,-2.6062667370e+00
2.2914090753e-01,-3.8072788715e+00
-4.3983740807e+00,-1.6955284774e-01
3.1555290222e+00,-2.9930369854e+00
2.6064093113e+00,-2.5926990509e+00
2.6719605923e+00,2.9010951519e+00
2.6219120026e+00,2.8517179489e+00
2.7736892700e+00,-2.8397586346e+00
-4.2721648216e+00,2.5099718571e-01
-3.0824041367e+00,-2.6670875549e+00
2.8119304180e+00,-2.7354972363e+00
7.0953004062e-02,4.2056827545e+00
2.4825210571e+00,-3.1862006187e+00
-3.3552594185e+00,-3.0769057274e+00
-3.5711674690e+00,-2.6597318649e+00
4.7654443979e-01,-4.2440190315e+00
-3.6137849092e-01,-3.9371180534e+00
-2.7956256866e+00,-2.4320313931e+00
-4.2136182785e+00,-6.0655277967e-01
2.6927375793e+00,-2.4484763145e+00
3.9047300816e+00,-1.3600425422e-01
4.1327848434e+00,-1.7188863456e-01
-2.6937079430e+00,2.7154858112e+00
3.5824241638e+00,4.9940738082e-01
-6.7416584492e-01,3.6900041103e+00
-2.8203175068e+00,2.7872512341e+00
3.0347869396e+00,2.6532382965e+00
-5.3791028261e-01,-3.7603106499e+00
-2.2168812156e-01,-3.7251710892e+00
-2.2951729596e-01,-4.4745235443e+00
-8.4460288286e-02,4.0444002151e+00
-3.0496251583e+00,2.7513165474e+00
-2.8641581535e+00,2.5298337936e+00
4.2292275429e+00,-1.9793881476e-01
-2.5732650757e+00,2.5901231766e+00
3.0203483105e+00,-3.1050064564e+00
-3.8268220425e+00,2.5697866082e-01
-2.7427763939e+00,-3.1443655491e+00
-3.8864989281e+00,-3.6183387041e-01
3.7706601620e+00,-1.6257166862e-01
2.7386271954e+00,-2.7902719975e+00
2.5316400528e+00,-3.0692348480e+00
3.5519750118e+00,-9.3512706459e-02
3.5314044952e+00,-5.2356988192e-01
-2.8819108009e-01,-3.6333987713e+00
2.5833108425e+00,3.3851585388e+00
-1.4831994474e-01,4.1645436287e+00
-4.1902170181e+00,2.8033936024e-01
2.2236175537e+00,2.7349069118e+00
3.6370313168e+00,1.1027879268e-01
-3.2682230473e+00,3.0807368755e+00
3.9139928818e+00,4.8300620914e-01
-5.4004663229e-01,-3.5867760181e+00
3.9223334789e+00,-4.5994496346e-01
-2.3769497871e+00,3.4937505722e+00
4.0618405342e+00,-6.7713461816e-02
3.0691425800e+00,-1.9505372047e+00
-2.7123327255e+00,2.7844717503e+00
3.0150525570e+00,-2.3739969730e+00
-3.0617225170e+00,-2.9052376747e+00
-4.0306439400e+00,3.7596136332e-01
3.8758978844e+00,-1.7821271718e-01
3.8445791602e-01,4.5646476746e+00
-2.3696060181e+00,-3.2727184296e+00
-2.3464934826e+00,2.9483883381e+00
-3.9801576138e+00,2.0770826936e-01
2.5847806931e+00,2.8972911835e+00
-3.9032528400e+00,-1.2773627043e-01
-3.6785459518e+00,3.1833410263e-01
3.2053234577e+00,2.8918733597e+00
3.0115778446e+00,-3.1700217724e+00
-1.5068301558e-01,-3.8273260593e+00
3.4164218903e+00,-2.1001480520e-01
2.2728884220e+00,3.1249735355e+00
-3.1410791874e+00,2.8470034599e+00
-2.7117822170e+00,-2.7687673569e+00
5.0069260597e-01,3.9356005192e+00
-2.4267469347e-01,-3.4343969822e+00
-2.9350540638e+00,-2.7140908241e+00
3.6764901876e-01,4.8161058426e+00
3.0343441963e+00,2.4113373756e+00
-2.8009557724e+00,-2.7612581253e+00
-2.8748172522e-01,-3.7212247849e+00
2.8962705135e+00,3.4968302250e+00
-4.4126253128e+00,1.2002811581e-01
6.8975210190e-02,3.9172103405e+00
4.2653298378e+00,-5.2883625031e-01
3.8049280643e+00,-1.7486837506e-01
7.8283920884e-02,4.2755103111e+00
4.1702146530e+00,4.5206525922e-01
-3.8431007862e+00,-1.2442407012e-01
4.4522190094e+00,-6.7501202226e-02
4.0445497632e-01,3.8800044060e+00
-2.8947825432e+00,3.0274140835e+00
-3.1820867062e+00,2.5572450161e+00
1.8517199159e-01,-3.7907247543e+00
-2.9911806583e+00,-2.6207323074e+00
3.0712344646e+00,-3.0184688568e+00
5.2273744345e-01,-3.9832158089e+00
1.5930192173e-01,3.5629804134e+00
4.0883059502e+00,-6.6179430485e-01
-3.0051782131e+00,-2.2058339119e+00
2.2236490250e+00,2.6064567566e+00
2.6371352673e+00,2.8211114407e+00
-2.5408525467e+00,2.4556751251e+00
3.7198541164e+00,-4.3670302629e-01
-3.2600588799e+00,3.2342538834e+00
-5.8949577808e-01,-4.2940354347e+00
-2.6080815792e+00,2.8714466095e+00
-3.5855948925e+00,-8.1560087204e-01
4.9349393696e-02,-3.8290283680e+00
3.4791836739e+00,8.9378893375e-02
-5.7151794434e-01,-3.7162477970e+00
-2.8292346001e+00,-3.5780167580e+00
-6.3092340715e-03,-4.0489373207e+00
-3.2612345219e+00,-2.7716040611e+00
3.8062188625e+00,5.2382916212e-01
-6.7365098000e-01,4.1418972015e+00
-2.6510050297e+00,2.9223296642e+00
3.5829317570e-01,3.8964595795e+00
4.2267618179e+00,-2.6414301991e-01
5.7294238359e-02,-3.2447617054e+00
-5.7933551073e-01,4.1664714813e+00
2.9005844593e+00,2.9106774330e+00
3.2443264127e-01,-3.7597098351e+00
3.5135190487e+00,-2.2425489128e-01
2.3894336224e+00,-3.2360248566e+00
-3.7843766212e+00,-5.3296065331e-01
-2.6995358467e+00,3.1794152260e+00
-3.0036218166e+00,2.9320251942e+00
-3.9683022499e+00,1.0407166183e-01
4.0397982597e+00,-3.7645593286e-02
-4.4811349362e-02,-3.8899850845e+00
2.4930808544e+00,2.6125104427e+00
-3.3971672058e+00,-2.9318645000e+00
-3.0768666267e+00,-2.8491809368e+00
3.0609040260e+00,-2.7195036411e+00
2.5499749184e+00,-2.5414068699e+00
-3.0447261333e+00,-2.5615320206e+00
-3.6605639458e+00,-1.6992345452e-01
-4.1764369011e+00,-2.8582504392e-01
-4.1054406166e+00,1.7723777890e-01
2.6209847927e+00,-2.9830987453e+00
-2.9784135818e+00,-3.0579321384e+00
7.9555116594e-02,-4.5242147446e+00
2.9438269138e+00,2.8729357719e+00
-4.4038966298e-01,3.9351363182e+00
-2.9456937313e+00,-2.7146427631e+00
-2.3381845951e+00,-3.0912218094e+00
4.4434719086e+00,2.6146659628e-02
4.9345701933e-01,-4.1912031174e+00
1.1583064497e-01,4.1898107529e+00
2.7067477703e+00,-2.8197207451e+00
2.7161426544e+00,2.4194636345e+00
5.4973069578e-02,3.5809843540e+00
-2.7673323154e+00,2.7993688583e+00
2.3764643669e+00,-3.0294399261e+00
-7.7613897622e-02,4.1191139221e+00
-2.4671220779e+00,2.2661132812e+00
-2.5039875507e+00,-2.6278274059e+00
-3.9760401249e+00,3.1678798795e-01
2.6657359600e+00,-2.8219006062e+00
-4.3320679665e+00,-1.6540759802e-01
2.8194394112e+00,-2.9471879005e+00
4.0191917419e+00,-8.6924932897e-02
2.3309798241e+00,2.6659634113e+00
-3.8062925339e+00,6.1466392130e-02
-4.0099625587e+00,-2.1391390264e-01
3.1531426907e+00,-3.4633464813e+00
-2.9210124016e+00,3.0412070751e+00
-5.2075123787e-01,-3.8732209206e+00
-4.1850066185e+00,-2.0044961944e-02
2.8905665874e+00,-2.0363209248e+00
-2.9584364891e+00,2.3226010799e+00
4.1566196084e-01,-3.8269264698e+00
2.7831213474e+00,-3.2206022739e+00
-1.5062032640e-01,-3.6523821354e+00
-2.9580152035e+00,3.3165619373e+00
4.0049066544e+00,-2.0596729219e-01
-1.4687497914e-01,-3.5914001465e+00
-4.1162767410e+00,-7.5816076994e-01
3.4347721934e-01,-4.1368408203e+00
-6.9821618497e-02,-4.3450360298e+00
4.3708763123e+00,-3.7523323298e-01
-4.0719693899e-01,3.9551861286e+00
-2.9251880646e+00,-2.7884957790e+00
3.1308028102e-01,3.9621412754e+00
-4.4369125366e+00,6.4597803354e-01
-3.8953826427e+00,-4.9264016747e-01
3.3447501659e+00,2.2692437172e+00
4.2270159721e+00,-4.9702432007e-02
4.2350587845e+00,-1.3364160061e-01
9.4905152917e-02,-3.7091603279e+00
-2.1772665977e+00,3.0096638203e+00
2.8829979897e+00,2.6299130917e+00
-1.9833837450e-01,4.3195767403e+00
-3.5804245472e+00,-4.5610848814e-02
3.7136361599e+00,2.6549650356e-02
2.0498788357e-01,-3.8667345047e+00
-1.4724631608e-01,-3.9694883823e+00
-3.3592638969e+00,-4.9929150939e-01
-4.0255994797e+00,-2.2262912989e-01
4.4801430702e+00,1.5035465360e-01
-3.0016438961e+00,3.0192320347e+00
-2.9152340889e+00,2.6694655418e+00
2.1186361313e+00,-2.4332683086e+00
1.8087981641e-01,-4.1004395485e+00
-3.9923903346e-01,-3.9340381622e+00
-2.3411405087e+00,2.9812588692e+00
-2.6288778782e+00,2.8186767101e+00
-4.3090648651e+00,4.1433939338e-01
-3.8871426582e+00,-1.6684158146e-01
-3.9338889718e-01,3.8238077164e+00
3.8374645710e+00,2.7068942785e-01
9.7633585334e-02,-4.1953158379e+00
9.3634650111e-03,3.4913148880e+00
2.8810262680e+00,-2.7669532299e+00
-2.6798772812e+00,2.6708550453e+00
-3.0569682121e+00,2.5244352818e+00
-3.7812628746e+00,-2.4765841663e-01
-2.9237091541e+00,2.7380709648e+00
3.1038253307e+00,2.3330636024e+00
2.7034699917e+00,-3.1033816338e+00
-2.4268698692e+00,2.7013781071e+00
-4.4224605560e+00,-1.8704968691e-01
4.1903287172e-01,-4.0255374908e+00
-3.5520346165e+00,1.0413238779e-02
4.3360290527e+00,1.9104599953e-01
-2.9529335499e+00,2.9971466064e+00
-2.8498795033e+00,-2.4894075394e+00
3.0293351412e-01,4.1348347664e+00
3.6956626177e-01,4.5380182266e+00
1.4331594110e-01,3.8028275967e+00
1.6466188431e-01,-3.6792905331e+00
2.1046709269e-02,-4.3386340141e+00
-3.4056525230e+00,-2.6848497391e+00
2.9530591965e+00,2.8305437565e+00
-5.3508090973e-01,-3.6503686905e+00
2.6875388622e+00,-2.2944684029e+00
-2.9199843407e+00,2.7977204323e+00
-8.3943068981e-02,-4.3210024834e+00
-2.9582784176e+00,-2.3350529671e+00
3.7870848179e+00,2.3661167920e-01
2.4473008513e-01,3.8713822365e+00
-3.3521251678e+00,3.4662270546e+00
1.4985971153e-01,-4.2515587807e+00
2.5977313519e+00,-2.8852787018e+00
-4.0326137543e+00,-1.5890298784e-01
-2.8228073120e+00,3.1746108532e+00
-2.7597589493e+00,2.5369868279e+00
-3.0762677193e+00,2.7185919285e+00
-1.0917120427e-01,3.9443023205e+00
-3.2873172313e-02,4.2240405083e+00
2.7160108089e+00,3.1751375198e+00
-2.8380453587e+00,-2.9145965576e+00
2.8086984158e+00,3.3620028496e+00
1.8397544324e-01,3.9234073162e+00
-2.2827696800e+00,2.4591817856e+00
-2.8712668419e+00,-3.0215919018e+00
3.1060619354e+00,-2.4938831329e+00
-2.9427864552e+00,-2.7527229786e+00
-3.1649312973e+00,-2.7553381920e+00
-1.0564119555e-02,-4.0757703781e+00
2.9907033443e+00,3.0868418217e+00
2.4844660759e+00,2.5158061981e+00
-3.9709198475e+00,1.0083457083e-01
-3.5086140633e+00,-3.2879626751e+00
-4.2351174355e+00,-1.5083372593e-01
-3.0462756157e+00,3.3222165108e+00
6.7179836333e-02,-4.2826571465e+00
3.0069002509e-01,3.7928740978e+00
-5.4988801479e-01,4.0925612450e+00
-3.4145472050e+00,4.9088689685e-01
-4.5207538605e+00,1.0942154378e-01
-2.5407960415e+00,-3.1276235580e+00
2.3649199009e+00,-3.1159429550e+00
3.1235666275e+00,2.8520960808e+00
3.0617022514e-01,-3.9448080063e+00
2.6225960255e+00,-3.0306818485e+00
2.6669051647e+00,-3.0461347103e+00
-2.4975185394e+00,2.9410889149e+00
-3.6347503662e+00,-9.7070470452e-02
-2.3277525902e+00,-3.1410796642e+00
2.2573374212e-01,4.0298008919e+00
2.5072860718e-01,3.8115921021e+00
4.5376009941e+00,-2.6295524836e-01
-2.5309617519e+00,-2.8387358189e+00
4.4152464867e+00,2.2020070255e-01
-3.5250431299e-01,-3.6795399189e+00
-3.9185743332e+00,5.1444661617e-01
-3.1622307301e+00,2.5645637512e+00
-2.8059773445e+00,-2.9134259224e+00
2.2404503822e+00,3.0152986050e+00
2.7259650230e+00,3.1074850559e+00
9.5103114843e-02,4.2321710587e+00
-2.7536387444e+00,-2.4602134228e+00
1.4118415117e-01,-4.0073432922e+00
4.0686750412e+00,2.2748419642e-01
-2.8327398300e+00,2.6965019703e+00
2.7603306770e+00,2.9691066742e+00
-1.1204969138e-01,-4.0348973274e+00
8.4113761783e-02,3.8125679493e+00
-4.0285592079e+00,-9.0520353988e-03
-1.7067050934e-01,-4.4940814972e+00
-3.4892168045e+00,-2.4956188202e+00
-4.1355347633e+00,1.3842772692e-02
-4.1760392189e+00,-7.2760736942e-01
-2.7777361870e+00,2.6565353870e+00
3.0013070107e+00,-3.0159673691e+00
-2.9721276835e-02,-3.7542912960e+00
2.5782230496e-01,-4.4862041473e+00
2.9681324959e+00,2.8217985630e+00
-2.2949574888e-01,-3.7960686684e+00
-3.3389120102e+00,-2.6654343605e+00
2.6231653690e+00,3.1393623352e+00
-2.5675745010e+00,2.7451040745e+00
-2.7696926594e+00,2.6665952206e+00
2.9394207001e+00,-2.8242731094e+00
1.6160438955e-01,-3.6835665703e+00
-3.0237863064e+00,-2.7423357964e+00
3.0892462730e+00,-2.9151768684e+00
4.1920700073e+00,4.3700411916e-01
-7.9768478870e-01,-3.5766921043e+00
-3.1737403870e+00,-2.0465514660e+00
2.6279723644e+00,3.3613460064e+00
-3.0830626488e+00,-2.3006992340e+00
2.9306814671e+00,-3.0469152927e+00
-3.1531709433e-01,-4.0811724663e+00
2.8588562012e+00,2.5105481148e+00
-1.0848984122e-01,4.4759836197e+00
3.1021072865e+00,-3.3391618729e+00
3.9319868088e+00,-2.7060848475e-01
-6.2672652304e-02,3.9918401241e+00
2.4192690849e+00,-3.4761750698e+00
3.2240610123e+00,-1.9914476871e+00
-2.8617823124e+00,2.3794059753e+00
2.9656138420e+00,2.6474969387e+00
-4.9307286739e-02,-3.3738644123e+00
-1.1107391864e-01,4.0731210709e+00
2.6950800419e+00,-2.6013722420e+00
3.0449097976e-02,3.7473008633e+00
4.2800383568e+00,-4.0016826242e-02
-4.0739002228e+00,-6.1678802967e-01
-2.5169532299e+00,3.0573468208e+00
3.8640408516e+00,3.0059120059e-01
-1.5292854048e-02,-3.7684459686e+00
2.9047982693e+00,-3.0007944107e+00
2.7448647022e+00,2.7052171230e+00
-2.9432532787e+00,-2.9108686447e+00
-3.9807350636e+00,-4.4988166541e-02
-4.7197113037e+00,-7.7612154186e-02
3.1484067440e+00,-2.8256840706e+00
4.2019963264e+00,5.2704793215e-01
-4.2530655861e+00,4.1781762242e-01
3.1172335148e+00,3.3401420116e+00
-9.0177208185e-02,-3.7907173634e+00
3.0402526259e-01,-4.2167682648e+00
-6.9883882999e-02,4.0808506012e+00
4.5949788094e+00,-6.6374883056e-02
-2.6824352741e+00,2.6941227913e+00
4.3973577023e-01,4.0924201012e+00
2.9971299171e+00,-3.0675642490e+00
2.8059345484e-01,4.2303886414e+00
2.3258803785e-01,3.6432414055e+00
-3.8331489563e+00,-1.9095282257e-01
6.0949212313e-01,3.9588408470e+00
-4.1686267853e+00,-1.0848350078e-01
-3.7544894218e+00,2.8071302176e-01
-3.9435913563e+00,3.5619884729e-01
2.7195351124e+00,3.0764384270e+00
-6.8951748312e-02,3.8795235157e+00
-3.7849376202e+00,-6.8215829134e-01
3.7867770195e+00,-1.0660025477e-01
3.5293933749e-01,4.3452577591e+00
4.4462451935e+00,-1.0362438858e-01
3.4907639027e+00,1.1774073355e-02
-4.0930304527e+00,3.1069183350e-01
4.5463657379e+00,-1.4726054668e-01
-9.3447482213e-03,-4.0223755836e+00
-3.0703902245e-01,-3.6729025841e+00
-4.1389508247e+00,3.9347240329e-01
-3.7941887379e+00,-3.7436580658e-01
-3.3501964808e-01,4.2877650261e+00
-2.7513122559e+00,2.7613401413e+00
5.5601511151e-02,-3.8749041557e+00
-2.7529194355e+00,-3.7910788059e+00
-2.9184284210e+00,2.7063770294e+00
2.5721788406e+00,2.5193798542e+00
-4.3787512183e-01,4.1874170303e+00
2.9742140770e+00,2.4597556591e+00
7.1316778660e-02,3.9915113449e+00
3.0181322098e+00,2.7743113041e+00
-1.3860205188e-02,4.0682539940e+00
3.3724281788e+00,-1.9043989480e-01
-3.4035426378e-01,-3.9870693684e+00
-3.0473344326e+00,-2.6825544834e+00
4.1236410141e+00,1.4229658246e-01
2.9005489349e+00,2.4919521809e+00
-7.7578419447e-01,-3.6231098175e+00
-2.6385905743e+00,2.5003538132e+00
-2.7308588028e+00,-2.5255265236e+00
2.9500718117e+00,2.8363695145e+00
3.0691108704e+00,2.6884071827e+00
2.7356821299e-01,3.8598334789e+00
2.2726283073e+00,-3.1809730530e+00
-2.8746094704e+00,-2.4855434895e+00
-1.5515276231e-02,-4.1903824806e+00
-4.0828280449e+00,-3.5555124283e-02
-3.1597173214e+00,2.8752717972e+00
-4.3664894104e+00,-2.4345777929e-02
3.0951776505e+00,3.3306694031e+00
-3.9831116199e+00,-2.7623406053e-01
3.8139734268e+00,-2.3979470134e-01
3.4291958809e+00,4.7172480822e-01
-2.6968169212e+00,-2.7408194542e+00
-1.0030006617e-01,-3.8316850662e+00
3.1420836449e+00,-2.6121644974e+00
-3.2235827446e+00,2.7939207554e+00
-2.4290721416e+00,-3.0600438118e+00
4.2279119492e+00,4.8269039392e-01
2.5134599209e+00,-2.7320680618e+00
2.4995298386e+00,2.7229478359e+00
-3.0096175671e+00,2.7575814724e+00
3.1622657776e+00,2.9906935692e+00
-2.7062714100e+00,-3.3369469643e+00
-2.4348191917e-01,3.8465666771e+00
3.4715859890e+00,-5.8946747333e-02
-7.5156643987e-02,3.5488209724e+00
-2.6357936859e+00,-2.9336249828e+00
-3.6111608148e-01,-3.6426055431e+00
-2.8770070076e+00,-2.9925203323e+00
-4.3920707703e+00,-1.4128417708e-02
2.7792327404e+00,-2.6504259109e+00
-4.2148742080e-01,-3.3246047497e+00
-4.2801575661e+00,2.3286086321e-01
2.9580095410e-01,-3.7794306278e+00
3.2525444031e-01,-3.3827614784e+00
-3.7232708931e+00,-4.9843806773e-02
9.2616401613e-02,4.2661404610e+00
-2.4618811607e+00,2.9360382557e+00
-7.2914850898e-03,4.3772206306e+00
-2.7693738937e+00,2.8873062134e+00
2.9301903248e+00,-3.0160021782e+00
-3.6796476841e+00,-3.5778981447e-01
-2.8528256416e+00,-2.5983285904e+00
-2.2881226540e+00,-3.0435714722e+00
-3.1000800133e+00,3.0065419674e+00
4.5774183273e+00,-6.5840054303e-03
-4.0881958008e+00,-8.9730307460e-02
-2.6248843670e+00,2.4670000076e+00
-3.8500149250e+00,-2.0386865735e-01
-3.0923848152e+00,-2.5579094887e+00
3.6837860942e-01,-4.1792626381e+00
-2.8996274471e+00,2.9811537266e+00
3.5240387917e+00,-3.3394044638e-01
7.5144743919e-01,-3.9996182919e+00
2.6673753262e+00,-2.8239157200e+00
-1.5016102791e-01,-4.4014959335e+00
-2.6268317699e+00,-2.7146174908e+00
3.7591793537e+00,3.0567042828e+00
4.1509838104e+00,7.4456937611e-02
-2.8292298317e+00,2.8463296890e+00
-2.5253949165e+00,3.2412729263e+00
2.4869551659e+00,3.0163097382e+00
-2.6817166805e+00,-2.5150728226e+00
2.4222309589e+00,-2.6653764248e+00
2.9935958385e+00,2.9344739914e+00
-1.3902339339e-01,4.3183956146e+00
2.9677708149e+00,2.6555583477e+00
3.1496491432e+00,-2.5091814995e+00
-3.2280049324e+00,2.8934931755e+00
-2.7992716432e-01,-3.8694529533e+00
5.6680295616e-02,-4.6925168037e+00
4.2590184212e+00,-1.8867407739e-01
-3.4137678146e+00,-2.5704438686e+00
-2.8683388233e+00,2.7759547234e+00
2.7558872700e+00,3.1703715324e+00
-3.4291985035e+00,6.0429777950e-02
-2.3923268318e+00,2.8911609650e+00
2.9162459373e+00,-2.5029404163e+00
2.8751316071e+00,-2.7073938847e+00
2.9002525806e+00,3.0849857330e+00
2.8218445778e+00,3.1179416180e+00
-3.0161578655e+00,-2.6576836109e+00
-3.2344741821e+00,-2.9153895378e+00
3.9914300442e+00,-2.6309046149e-01
3.4814543724e+00,1.0787047446e-01
-2.4627786875e-01,3.9883842468e+00
-2.7327961922e+00,-3.0251448154e+00
3.2071306705e+00,3.1687030792e+00
3.7245597839e+00,-3.3894011378e-01
-2.8109810352e+00,2.8227434158e+00
3.4964683652e-01,-4.1765170097e+00
-5.4232269526e-02,-4.0127854347e+00
2.7878375053e+00,-2.7531051636e+00
-2.2806014121e-01,-4.2159714699e+00
2.7129468918e+00,-3.1022396088e+00
2.5302217007e+00,-2.4759714603e+00
3.0959348679e+00,-3.1781766415e+00
-1.4592270553e-01,3.9196338654e+00
-2.8203806877e+00,3.0378341675e+00
2.2797688842e-01,-4.1691856384e+00
-3.0240993500e+00,-3.2236866951e+00
2.4862936139e-01,3.9407172203e+00
-3.7964317203e-01,3.7307820320e+00
-4.4327392578e+00,3.1667178869e-01
-2.7795686722e+00,-2.9152858257e+00
4.1618010402e-01,3.5328702927e+00
-3.1869595051e+00,-2.7348361015e+00
2.3236122131e+00,2.2250213623e+00
3.7895281315e+00,-3.8817790151e-01
3.5264384747e+00,-2.9144418240e+00
4.2778835297e+00,4.1876412928e-02
-3.7737069130e+00,-2.7771000862e+00
3.4081175923e-01,3.9419164658e+00
9.7992643714e-02,-4.4462985992e+00
2.4063057899e+00,-2.6742031574e+00
3.0022418499e+00,-3.2795853615e+00
2.7865688801e+00,2.6376373768e+00
1.8098223209e-01,4.3150529861e+00
-2.0518484712e-01,4.0869612694e+00
-3.6069529057e+00,-6.4339023829e-01
3.8617625237e+00,-5.1454015076e-02
2.7919468880e+00,2.9885816574e+00
-3.8003664017e+00,2.1231545508e-01
2.1233344078e-01,3.4203441143e+00
7.4921047688e-01,4.1228222847e+00
-1.3379139826e-02,3.4420793056e+00
3.9690423012e-01,4.2736783028e+00
3.0833978653e+00,2.4443628788e+00
2.8639161587e+00,2.9812688828e+00
1.1103672534e-01,4.1692719460e+00
-2.8830389977e+00,3.0980870724e+00
-2.9979946613e+00,-3.1397616863e+00
-3.1021866798e+00,2.8173553944e+00
-3.0160038471e+00,-2.6889643669e+00
-1.8558727205e-01,4.1165399551e+00
2.4620959759e+00,2.4686703682e+00
2.9061627388e+00,-2.7832627296e+00
4.3325614929e+00,-1.4747355878e-01
3.3732404709e+00,2.6363997459e+00
-3.9030498266e-01,4.2591805458e+00
3.8987185955e+00,-5.1337543875e-02
-2.9903719425e+00,-2.7407965660e+00
-1.6405650973e-01,-3.8142342567e+00
-1.0120163113e-01,-3.9819636345e+00
3.5573999882e+00,-3.9076358080e-01
-2.8873512745e+00,-2.9974429607e+00
-3.6808571815e+00,1.3789866865e-01
-3.7695240974e+00,-1.7367309332e-01
3.9814572334e+00,1.0892698914e-01
2.7297165394e+00,-3.1239397526e+00
-2.7645955086e+00,3.0437331200e+00
3.8692855835e+00,8.6387895048e-02
-3.3880035877e+00,-1.7974929512e-01
-1.9957582653e-01,-4.2317662239e+00
3.4314594269e+00,-2.8974165916e+00
2.5062193871e+00,-3.5018219948e+00
-2.4934005737e+00,-2.8173594475e+00
3.3897106647e+00,-2.3460073471e+00
4.1640291214e+00,1.0319855064e-01
4.3577923775e+00,-1.6840685159e-02
-3.0542366505e+00,-3.1879615784e+00
3.5939223766e+00,-9.9517546594e-02
1.2254243344e-01,-4.6788063049e+00
-2.1939105988e+00,2.7809650898e+00
4.0959018469e-01,-3.9526684284e+00
-8.1271052361e-02,-4.3317446709e+00
3.2800745964e+00,-2.8476622105e+00
2.9444167614e+00,-2.5451471806e+00
-4.3692226410e+00,7.6879434288e-02
2.6067554951e+00,-2.5252759457e+00
4.4136600494e+00,-1.1247301847e-01
-2.9730439186e+00,3.0056619644e+00
-2.3200349510e-01,-4.6097273827e+00
-3.1086845398e+00,3.3072957993e+00
-3.2119719982e+00,-2.7043948174e+00
-3.0979299545e+00,2.8958532810e+00
3.6620545387e+00,3.2542538643e-01
-2.6791014671e+00,3.0699648857e+00
-5.2620835602e-02,-4.2730765343e+00
-2.2823546827e-01,4.3033576012e+00
-4.0896329880e+00,-4.0844094753e-01
-3.6203722954e+00,4.2198726535e-01
1.0657405853e-01,3.9939031601e+00
-1.8811364472e-01,-3.8863713741e+00
4.3366785049e+00,1.7848247290e-01
2.6730675697e+00,-2.7884209156e+00
2.9932687283e+00,2.7281444073e+00
7.8673429787e-02,-4.4799880981e+00
2.7126767635e+00,2.3028359413e+00
-1.0243630409e-01,3.6634356976e+00
-3.7860841751e+00,7.9516619444e-02
2.6149814129e+00,-2.8411710262e+00
3.1356582642e+00,3.1949348450e+00
-3.1736643314e+00,3.0945208073e+00
-3.8228962421e+00,9.1835707426e-01
-4.0029325485e+00,1.9355255365e-01
3.3698062897e+00,2.4235653877e+00
2.5273952484e+00,2.3494377136e+00
2.3460764885e+00,-3.2489798069e+00
-2.9216842651e+00,2.9510405064e+00
-2.8536565304e+00,2.4291183949e+00
2.6403188705e+00,2.5659010410e+00
-3.3106679916e+00,2.3079762459e+00
2.9469029903e+00,2.5246562958e+00
-3.2136447262e-03,3.9324083328e+00
1.2400087714e-01,4.0828943253e+00
-2.5294542313e+00,-3.3150849342e+00
2.8774070740e+00,-3.0062737465e+00
2.6208276749e+00,3.4452843666e+00
2.8651261330e-01,3.8664441109e+00
-3.5477678776e+00,3.2388553619e+00
3.0084142685e+00,-2.9311757088e+00
4.3903985023e+00,-1.2071961910e-01
-2.6454997063e+00,-3.4014527798e+00
2.8224437237e+00,-3.2749483585e+00
3.0938274860e+00,2.9783351421e+00
-3.0689086914e+00,-2.7920565605e+00
2.8481218219e-01,-3.9842190742e+00
1.3484743237e-01,-4.1034059525e+00
4.9888449907e-01,3.8154170513e+00
2.9875752926e+00,2.9757320881e+00
-3.9967453480e+00,-2.2967813909e-01
-1.2935711443e-01,-4.6155710220e+00
-2.2304401398e+00,3.2244477272e+00
2.7153120041e+00,-2.5321776867e+00
2.2329392433e+00,-2.7919492722e+00
1.1750590801e-01,-3.4720175266e+00
-2.6991945505e-01,4.5116448402e+00
-4.1379162669e-01,3.6848058701e+00
3.3014500141e-01,-4.2287154198e+00
-4.1093773842e+00,1.5264320374e-01
2.9407064915e+00,-3.0267968178e+00
2.3802538216e-01,3.9540925026e+00
4.4388771057e+00,6.3925050199e-03
3.1666665077e+00,-2.6654481888e+00
2.7703204155e+00,-2.5552649498e+00
1.0710319132e-01,-3.5755572319e+00
2.7486603260e+00,3.0621919632e+00
-4.0992226601e+00,4.1199263930e-01
-3.1590828896e+00,3.0558791161e+00
-4.1521883011e+00,-2.6118957996e-01
-3.9045820236e+00,2.3374021053e-02
2.8131570816e+00,2.7277686596e+00
8.0812133849e-02,-4.7948002815e+00
-2.8942677975e+00,-3.3097548485e+00
-3.9514429569e+00,-2.8975149989e-01
-4.8843103647e-01,-3.5637311935e+00
2.9916083813e+00,2.6735115051e+00
8.7685458362e-02,3.6664025784e+00
-9.4382154942e-01,-4.5395545959e+00
-2.5362823009e+00,-2.5260229111e+00
-4.5063160360e-02,-4.3595623970e+00
-4.0047764778e+00,3.5946542025e-01
2.9909594059e+00,-3.0985577106e+00
3.1825315952e+00,-3.1646330357e+00
-2.6613235474e+00,2.8449380398e+00
2.7688398361e+00,-2.8765802383e+00
4.6473731995e+00,1.1542579532e-01
2.5744197369e+00,2.6478745937e+00
-3.2740408182e-01,-4.2160778046e+00
4.1962833405e+00,-3.1511142850e-01
-2.8407502174e+00,3.2958800793e+00
-2.8887686729e+00,-2.7637555599e+00
-1.3108579814e-01,3.7328972816e+00
-2.7114810944e+00,-3.3611140251e+00
1.5489165485e-01,3.9770376682e+00
-3.0135405064e+00,3.1694853306e+00
2.8635139465e+00,-2.4575707912e+00
2.8697044849e+00,-2.8132975101e+00
-2.7955591679e+00,-3.0845770836e+00
3.7834806442e+00,2.2390745580e-02
4.1309690475e+00,-1.8007428944e-01
2.6893529892e+00,-2.7656359673e+00
2.4957904816e+00,3.0807340145e+00
-3.0549104214e+00,3.2162537575e+00
-2.8394842148e+00,-2.3667407036e+00
2.5574827194e+00,-3.0723712444e+00
3.1890289783e+00,2.8317542076e+00
2.7490441799e+00,-2.2038285732e+00
2.6167726517e-01,-4.0925941467e+00
3.3268456459e+00,2.6165537834e+00
-3.0318236351e+00,-3.0692238808e+00
3.7457609177e+00,6.2748038769e-01
-2.7334723473e+00,2.8178989887e+00
-7.9215532541e-01,-3.7454285622e+00
-3.7625732422e+00,1.0795339197e-01
2.7448070049e-01,-3.9947185516e+00
3.0437383652e+00,2.6417882442e+00
3.8450016975e+00,5.4904973507e-01
2.9504923820e+00,-2.8671579361e+00
-3.8903318346e-02,4.3802423477e+00
3.8895676136e+00,-1.5451422334e-01
3.0548899174e+00,-3.0486488342e+00
1.6754068434e-01,-3.5372681618e+00
-3.0203218460e+00,2.5094275475e+00
-1.1544328183e-01,-4.3101525307e+00
3.0197614431e-01,-4.1818609238e+00
3.2113199234e+00,2.3964920044e+00
4.5372274518e-01,-4.0997142792e+00
3.0181381702e+00,2.8424596786e+00
-2.4138038158e+00,-2.5726439953e+00
2.8999433517e+00,-2.9706690311e+00
-1.3414849341e-01,4.1959600449e+00
2.6603131294e+00,-2.8801090717e+00
3.9728825092e+00,3.0046927929e-01
4.1047501564e+00,-2.0420423150e-01
-2.1671478450e-01,-4.4196820259e+00
-3.4828128815e+00,-2.3518924713e+00
-2.6693379879e+00,2.5973205566e+00
3.4901001453e+00,2.8428893089e+00
-2.5360298157e+00,-2.8905336857e+00
3.7726025581e+00,2.5516426563e-01
2.3422255516e+00,3.0434272289e+00
-2.7011094093e+00,-2.9964244366e+00
-2.4192607403e+00,-2.7354366779e+00
2.3735432625e+00,2.8134391308e+00
3.4825246334e+00,-2.0684041083e-01
-3.7626538277e+00,-3.5031181574e-01
4.3466529846e+00,-3.5670870543e-01
2.6278471947e+00,2.5702209473e+00
-3.0293741226e+00,2.7343716621e+00
1.4408901334e-01,3.6505475044e+00
4.4691264629e-02,3.8079655170e+00
2.6983511448e+00,-2.4771757126e+00
-4.6411099434e+00,1.1069304496e-01
2.7306799889e+00,-2.7190499306e+00
3.9277606010e+00,-4.1792044044e-01
6.0861611366e-01,-4.5059065819e+00
2.9564447403e+00,2.8497562408e+00
-3.0232176185e-01,-3.4932794571e+00
4.8831075430e-02,3.8828690052e+00
-3.6289451122e+00,2.4663017690e-01
2.4345061779e+00,3.1610312462e+00
-1.9097159803e-01,-4.4827566147e+00
-3.0335049629e+00,3.0906448364e+00
3.8701565266e+00,-2.2855982184e-01
2.9120700359e+00,-2.7793295383e+00
2.9229905605e+00,-2.4828238487e+00
3.9948475361e+00,1.9636215270e-01
-3.9360260963e+00,1.9648231566e-02
-2.5743486881e+00,2.6842162609e+00
-3.0147240162e+00,-3.0142772198e+00
-3.0912151337e+00,-3.0396974087e+00
-9.1742485762e-02,-4.3676452637e+00
-3.0577685833e+00,-2.9113459587e+00
4.0316529274e+00,-2.8349548578e-01
-2.7378504276e+00,2.9190883636e+00
-9.1349154711e-02,-4.5402789116e+00
3.2402391434e+00,2.4468235970e+00
-4.0543580055e+00,6.6672086716e-02
-4.4632720947e+00,-1.2670831382e-01
-2.7556345463e+00,3.2654142380e+00
-2.7105426788e+00,2.7271034718e+00
-2.6311142445e+00,-2.8099417686e+00
3.0567109585e-01,3.7089347839e+00
1.8873183429e-01,-4.0457944870e+00
4.1947631836e+00,-1.6623504460e-01
-4.6816668510e+00,-3.6388176680e-01
-3.2252309322e+00,-2.5046350956e+00
-4.0914340019e+00,-1.6172426939e-01
-2.9431567192e+00,-2.7703335285e+00
2.5773768425e+00,-2.8651714325e+00
2.9997012615e+00,2.7410125732e+00
-5.7954536751e-03,-4.0563821793e+00
2.8241560459e+00,-3.0353026390e+00
4.3852143288e+00,2.1811591089e-01
-6.4179372787e-01,4.0497136116e+00
-2.6503250599e+00,3.0832247734e+00
2.5746145248e+00,3.3362522125e+00
-3.7053589821e+00,2.7892570496e+00
-2.4712278843e+00,-2.6162586212e+00
-4.6570978165e+00,-1.1003479362e-01
-4.7607094049e-01,4.6946754456e+00
2.8974847794e+00,-2.7537810802e+00
3.2761316299e+00,3.0470340252e+00
-3.0219349861e+00,-3.2791502476e+00
-1.5581814945e-01,4.0109705925e+00
-3.0200760365e+00,-2.9060196877e+00
-3.9521043301e+00,3.8879844546e-01
3.9282267094e+00,-4.3037822843e-01
-2.4429991245e+00,2.8745727539e+00
-5.1232662052e-02,-4.1506676674e+00
2.8655712605e+00,2.8292543888e+00
-2.4301965237e+00,3.2446796894e+00
3.3143868446e+00,1.0424866527e-01
2.6791949272e+00,2.3061830997e+00
7.4287903309e-01,-3.6230313778e+00
-3.5382404327e+00,2.5085647106e+00
-3.3912014961e+00,3.0852794647e+00
-3.8492791653e+00,-5.1985412836e-01
3.0557165146e+00,3.0160098076e+00
-4.5284824371e+00,-3.8688239455e-01
1.9176112115e-01,-4.0618896484e+00
-4.6564760208e+00,-4.7471794486e-01
-4.6527004242e+00,-9.1640114784e-02
2.7786023617e+00,-2.5832471848e+00
5.3866767883e-01,4.2906637192e+00
3.0462431908e+00,-2.7714924812e+00
7.7743262053e-02,-3.4413628578e+00
-3.0356140137e+00,2.7694675922e+00
2.6601009369e+00,-2.9525828362e+00
2.6071989536e-01,3.7101817131e+00
2.9772040844e+00,3.0300071239e+00
9.7678117454e-02,4.1000671387e+00
-3.2863271236e-01,4.7088890076e+00
3.0213303566e+00,2.8990821838e+00
4.2797045708e+00,-4.8987634480e-02
-2.6379818916e+00,-2.4652967453e+00
-3.9252910018e-01,3.6637716293e+00
-3.9861979485e+00,1.8071673810e-01
-2.8890631199e+00,3.2482190132e+00
-4.2207398415e+00,2.0495176315e-01
2.5664601326e+00,2.9424586296e+00
-3.8868880272e+00,-5.1159399748e-01
-3.5745484829e+00,1.6116049886e-01
-3.9797263145e+00,-7.3480367661e-02
4.1793894768e+00,7.8858122230e-02
2.5697388649e+00,2.8115150928e+00
3.5911526680e+00,-2.9359692335e-01
4.6451873779e+00,-4.2801639438e-01
-3.4360249043e+00,-3.6100035906e-01
-2.7499239445e+00,3.4814386368e+00
2.7698268890e+00,-2.3413281441e+00
-4.4341120124e-01,-4.4068346024e+00
2.6166984811e-02,-4.4763355255e+00
2.4734156132e+00,3.5591957569e+00
-2.5577497482e+00,2.4137864113e+00
5.3475534916e-01,-4.5618209839e+00
2.3159008026e+00,2.9587414265e+00
1.9382321835e+00,-3.1443309784e+00
-2.7394683361e+00,-2.8289225101e+00
3.0768985748e+00,2.9616127014e+00
-4.1839928627e+00,7.7831938863e-02
-4.2425160408e+00,-5.5309361219e-01
3.4574885368e+00,-2.3669648170e+00
4.1390480995e+00,3.8833194971e-01
-2.5299377441e+00,3.0250792503e+00
2.9112136364e+00,2.6797914505e+00
2.7691342831e+00,-2.9852344990e+00
-3.1831595898e+00,-2.3942661285e+00
-1.0953939520e-02,-4.2690896988e+00
-2.4566504955e+00,3.2744462490e+00
-2.8516840935e+00,-3.1742694378e+00
-3.0632312298e+00,3.1165192127e+00
2.3276546001e+00,2.2002978325e+00
2.5275368690e+00,-2.3183963299e+00
4.5283870697e+00,-3.1040471792e-01
2.9790809155e+00,2.5939218998e+00
4.2576680183e+00,9.4844125211e-02
-3.1940426826e+00,-3.3166799545e+00
3.6980512142e+00,-5.4181540012e-01
-4.4281711578e+00,-1.1605631560e-02
2.7840535641e+00,-2.8026812077e+00
-2.8685841560e+00,3.0149388313e+00
3.3308768272e+00,2.9173805714e+00
-1.0530850291e-01,4.3626527786e+00
2.0376076698e+00,2.8219549656e+00
-3.8172361851e+00,3.1430062652e-01
-4.4000816345e+00,4.3138489127e-01
3.3522596359e+00,2.9466440678e+00
2.6433057785e+00,-2.8512036800e+00
-2.7925341129e+00,2.1019608974e+00
-3.7674336433e+00,-1.0129510611e-01
-2.9913859367e+00,-3.1054034233e+00
2.8298947811e+00,3.2366473675e+00
2.7734863758e+00,2.8910233974e+00
2.0803256035e+00,-2.9801473618e+00
1.6959874332e-01,-4.0087280273e+00
-2.5739967823e+00,-2.9060766697e+00
2.6330790520e+00,2.8862602711e+00
-4.2277064323e+00,-7.9133021832e-01
-3.3265695572e+00,-2.5493004322e+00
2.8448684216e+00,-2.2725520134e+00
-5.6453295052e-02,4.1557731628e+00
-3.4209547043e+00,-3.0409238338e+00
1.5670868754e-01,3.7208268642e+00
2.4577202797e+00,3.0356760025e+00
-3.1594808102e+00,-2.8408536911e+00
2.1928577423e+00,-2.9978618622e+00
4.1477928162e+00,9.6215501428e-02
-4.6005368233e+00,1.0263099102e-03
-2.8202097416e+00,3.2229714394e+00
3.7645700574e-01,-3.6158230305e+00
2.8858606815e+00,-3.0387144089e+00
-3.8296108246e+00,-5.2804511786e-01
-5.5163580924e-02,-4.5868606567e+00
3.1343903393e-02,-4.4620842934e+00
3.3113284111e+00,-2.4270305634e+00
2.6266138554e+00,3.2110617161e+00
-2.9041745663e+00,-2.5371572971e+00
3.8503926247e-02,-4.1982517242e+00
-8.8999792933e-02,-3.4314837456e+00
1.3542747498e-01,4.4915618896e+00
3.6555311680e+00,2.8839769959e-01
-3.9515404701e+00,-1.0715633631e-01
3.4657007456e-01,3.9437699318e+00
2.8441197872e+00,-2.7733900547e+00
-2.6081941128e+00,-2.5514295101e+00
-4.2994728088e+00,-1.4754855633e-01
4.5838146210e+00,2.1250014007e-01
4.3395009041e+00,3.3046495914e-01
2.8456723690e+00,3.3044106960e+00
3.0298347473e+00,2.6860370636e+00
2.4841892719e+00,-3.1275367737e+00
-3.5001790524e+00,-1.9912207127e-01
7.0084534585e-02,-4.1610445976e+00
2.6555802822e+00,-2.9744734764e+00
3.0090942383e+00,3.2004411221e+00
5.2474189550e-02,3.9373025894e+00
2.7864215374e+00,-2.8315770626e+00
3.8344600201e+00,2.2389988601e-01
-4.1203603148e-01,-3.9807379246e+00
-3.7274208069e+00,-4.6694442630e-01
3.4394198656e-01,-3.8928561211e+00
4.3005771637e+00,1.4219658077e-01
2.4649605751e+00,-2.7074036598e+00
-3.1328511238e+00,-2.9856684208e+00
2.1763288975e-01,-4.0958857536e+00
-1.9615864754e-01,4.1247014999e+00
-4.2442669868e+00,1.5316061676e-01
-2.8848378658e+00,-3.0016288757e+00
2.7377343178e+00,-2.6010742188e+00
4.2295818329e+00,-3.8818785548e-01
-8.1819869578e-02,-3.8336653709e+00
2.3939394951e+00,-2.9985990524e+00
-2.8548831940e+00,3.1722292900e+00
-8.1000939012e-02,-3.7407522202e+00
4.8930400610e-01,3.9810261726e+00
-2.7178521156e+00,-3.0248208046e+00
-3.1488924026e+00,2.6207990646e+00
2.4551908970e+00,3.0717327595e+00
3.3761472702e+00,-2.8128795624e+00
2.4453920126e-01,3.6554937363e+00
2.9221336842e+00,-2.6097261906e+00
-3.4744191170e-01,3.5312869549e+00
-3.6350233555e+00,3.6039018631e-01
3.6483261585e+00,4.7443586588e-01
-1.8957605958e-01,3.2595708370e+00
-2.3481047153e+00,2.6076731682e+00
-2.6898632050e+00,3.0562589169e+00
3.1601300240e+00,2.1595556736e+00
-3.6111719608e+00,2.9907569289e-01
2.9501025677e+00,2.8527657986e+00
-5.0370055437e-01,3.7992608547e+00
3.1473997235e-01,4.3743038177e+00
-2.8855280876e+00,-2.8489294052e+00
4.4637308121e+00,3.3985784650e-01
2.3925782740e-01,-4.1641540527e+00
3.9628906250e+00,-4.1228625178e-01
2.1244513988e-01,3.7812428474e+00
-3.0420329571e+00,2.5524210930e+00
-3.0065295696e+00,2.8258011341e+00
3.8010411263e+00,8.3073992282e-03
-4.2506117821e+00,-3.6793783307e-01
4.4184904099e+00,-1.6944243014e-01
3.8434412479e+00,-6.6109365225e-01
-2.5267543793e+00,-2.6312172413e+00
-2.5554919243e+00,-3.3874664307e+00
-3.8583455086e+00,1.0819555819e-01
2.4178199768e+00,2.7618734837e+00
3.0144331455e+00,-2.5918583870e+00
-2.6100008488e+00,-2.9539809227e+00
-3.5866434574e+00,-4.8242789507e-01
2.8170149326e+00,-2.5887999535e+00
3.3577346802e+00,-2.7493782043e+00
-2.9532806873e+00,-2.4937901497e+00
2.7245559692e+00,3.0850267410e+00
-2.4691054821e+00,-3.3044052124e+00
3.9702825248e-02,-3.2703378201e+00
4.4371366501e+00,-7.0353440940e-02
3.3288867474e+00,-2.6519539356e+00
-1.9946782589e+00,2.9170393944e+00
-3.4499456882e+00,2.9965968132e+00
1.5984511375e-01,4.4602808952e+00
2.9604706764e+00,-2.6554274559e+00
-3.3964881897e+00,-3.3689742088e+00
-3.1033535004e+00,3.0329380035e+00
-4.5289643109e-02,3.9654912949e+00
2.9697546363e-01,-3.9837958813e+00
-2.2419605255e+00,2.6978309155e+00
-2.9271309376e+00,2.4907178879e+00
2.7187399864e+00,-2.4076583385e+00
-2.5423434377e-01,-3.8232574463e+00
3.5174298286e+00,-7.2979576886e-02
-3.0253014565e+00,3.0215656757e+00
1.7362598330e-02,3.5378317833e+00
3.8367545605e-01,3.8270003796e+00
6.3422441483e-02,-4.0726037025e+00
-2.6358590126e+00,2.8119196892e+00
-2.8222916126e+00,2.5778105259e+00
2.2075568140e-01,-4.4266562462e+00
-3.5839638710e+00,-3.5387611389e-01
2.8036901951e+00,-2.8233888149e+00
3.8232254982e+00,-7.7232666314e-02
2.5743148327e+00,-2.9229156971e+00
2.6230435371e+00,2.4367125034e+00
-3.1040229797e+00,-2.4212083817e+00
-1.3588450849e-01,-4.2018461227e+00
-2.8116667271e-01,-3.5860016346e+00
-3.0807447433e+00,-3.3469078541e+00
2.7461268902e+00,-2.4811563492e+00
-3.1515712738e+00,-3.2164115906e+00
-1.4416904747e-01,3.4995450974e+00
-2.8193345070e+00,2.9648244381e+00
-6.1326414347e-02,-4.1647124290e+00
9.6698932350e-02,4.1755418777e+00
-2.8661189079e+00,-3.1920440197e+00
-3.6793053150e+00,2.7323135734e-01
2.4903600216e+00,-2.8513867855e+00
-3.0283167362e+00,2.8606681824e+00
3.7566723824e+00,3.9918869734e-02
4.9386718869e-01,4.2539415359e+00
-4.1442146301e+00,6.5846152604e-02
-2.9144468307e+00,-2.2343049049e+00
3.1264739037e+00,-2.6027700901e+00
2.7214989066e-01,-3.3328914642e+00
2.8930222988e+00,-2.6436066628e+00
-7.5495854020e-02,4.1493358612e+00
-2.6000645161e+00,2.9036052227e+00
-4.2971792817e-01,3.7213566303e+00
3.2750053406e+00,-2.3118867874e+00
1.7860736698e-02,-4.1941695213e+00
2.9718675613e+00,-2.8122920990e+00
-3.1969177723e+00,-2.7554249763e+00
2.9232797623e+00,2.2438676357e+00
2.7093252540e-01,-3.9684433937e+00
-1.3796234131e-01,-3.7865447998e+00
-2.9246597290e+00,-2.6859972477e+00
4.3978238106e+00,3.0521082878e-01
2.6957590580e+00,3.1171720028e+00
-4.0885767937e+00,3.4126091003e-01
-3.7159047127e+00,1.6710737348e-01
2.7414703369e+00,-2.6229832172e+00
2.8254587650e+00,3.2993700504e+00
2.6828746796e+00,2.2245831490e+00
3.2865905762e+00,-3.1065893173e+00
-3.8950726986e+00,-3.6028001457e-02
-2.4943211079e+00,-2.0374145508e+00
-4.1375002265e-01,3.7860181332e+00
4.2692604065e+00,-3.7329769135e-01
1.2056439184e-02,-4.0386838913e+00
2.4837965965e+00,2.8242375851e+00
4.4488639832e+00,-2.9770159721e-01
-3.1768233776e+00,2.8210752010e+00
1.3194006681e-01,4.2839856148e+00
2.7444586754e+00,2.6246471405e+00
1.6357243061e-02,4.0159640312e+00
-1.6988981515e-02,-4.0928416252e+00
-3.3753297329e+00,-2.5403804779e+00
-2.8996489048e+00,-2.9432325363e+00
-5.1153946668e-02,3.9367806911e+00
-2.9601819515e+00,3.4664781094e+00
3.1591045856e+00,2.7139153481e+00
2.0626752079e-01,-3.8400912285e+00
6.2646687031e-02,-4.0188040733e+00
3.0621688366e+00,-2.4431502819e+00
-3.8217737675e+00,9.3755805865e-03
3.1263744831e+00,3.0168077946e+00
-8.1294998527e-02,3.5406141281e+00
-2.5491067767e-01,-4.1091265678e+00
-4.2348757386e-02,-3.7449135780e+00
-2.8180700541e-01,-3.5513024330e+00
-3.6844203472e+00,-7.4353232980e-02
3.6403365135e+00,9.0300969779e-02
-2.7582385540e+00,-3.1642634869e+00
2.7992484570e+00,2.7122941017e+00
2.8896512985e+00,3.1620991230e+00
-3.1824824810e+00,-3.1032147408e+00
-3.1612427235e+00,2.8352425098e+00
-2.4233374596e+00,2.8773641586e+00
4.0289387107e-01,4.7621302605e+00
2.7364366055e+00,-2.7434053421e+00
2.2404012084e-01,-4.2996277809e+00
3.9948859811e-01,4.1550774574e+00
3.3413618803e-02,3.7176980972e+00
-4.4578862190e+00,-4.7860920429e-01
-3.4497876167e+00,-2.8247666359e+00
-4.3660929799e-01,-3.8986830711e+00
1.4370279014e-01,3.7189960480e+00
-4.5785829425e-01,-3.7205567360e+00
3.0058755875e+00,-3.1021273136e+00
-2.6912190914e+00,3.1029477119e+00
2.3714706898e+00,2.6339576244e+00
-3.0675655603e-01,3.5785429478e+00
-2.8382384777e+00,-2.8330056667e+00
-3.9718089104e+00,-4.2461577058e-01
7.4284382164e-02,4.1791443825e+00
4.2627596855e+00,7.8930921853e-02
3.6685287952e-02,4.3744697571e+00
-2.6550996304e+00,2.6592195034e+00
3.2343218327e+00,2.2630865574e+00
1.6230502725e-01,-4.0789799690e+00
2.8783588409e+00,2.5215611458e+00
-3.0894498825e+00,2.6855700016e+00
-2.6358833313e+00,-2.7446522713e+00
-3.6911029816e+00,2.2635249794e-01
8.8084675372e-03,-3.8585822582e+00
2.8567163944e+00,2.6220600605e+00
2.5765195489e-01,3.8555011749e+00
-8.1176340580e-02,-4.1886544228e+00
4.6514298767e-02,4.5189647675e+00
-2.6452445984e+00,-2.7633125782e+00
-2.5882134438e+00,2.8946876526e+00
-2.4676697254e+00,-3.4543230534e+00
2.8880140781e+00,-2.3454823494e+00
3.1094958782e+00,2.7988312244e+00
1.8545507919e-03,-3.9236102104e+00
-1.9465247169e-02,3.7673089504e+00
-3.9493544102e+00,-5.9899145365e-01
-3.8856723309e+00,-5.6251563132e-02
-3.1470851898e+00,-2.6894600391e+00
3.3106274605e+00,-2.4034409523e+00
-4.1963539124e+00,-1.3723529875e-01
-2.9904799461e+00,2.6478924751e+00
-3.0544538498e+00,-3.1582610607e+00
-2.8700456619e+00,2.7645702362e+00
2.5479309559e+00,-3.0010867119e+00
3.9692044258e+00,1.8516145647e-01
2.9734811783e+00,2.6187436581e+00
-4.1408038139e+00,-4.0070049465e-02
-2.9009385109e+00,2.1418411732e+00
-4.1286940575e+00,-3.4196051955e-01
2.6763482094e+00,3.3343195915e+00
-4.1650686264e+00,2.2970245779e-01
2.7810597420e+00,3.0397815704e+00
4.4499735832e+00,-2.7740010619e-01
-2.9572081566e-01,-4.4869318008e+00
-3.0127444267e+00,-2.6868786812e+00
-4.4958806038e+00,2.8070542216e-01
3.1041736603e+00,3.7159812450e+00
-3.0953845978e+00,-2.8260333538e+00
3.8080239296e+00,1.6914220154e-01
-2.8914134502e+00,-2.5428693295e+00
1.9244517386e-01,3.7582623959e+00
2.6719164848e+00,-2.7521941662e+00
-2.7614207268e+00,-2.4796478748e+00
2.8720047474e+00,-2.7821083069e+00
2.5108709335e+00,-2.5659584999e+00
2.5634939671e+00,3.2178750038e+00
3.1401729584e+00,2.9164762497e+00
-3.3448331356e+00,-2.5719506741e+00
4.2248106003e+00,-3.5891574621e-01
3.3053028584e+00,3.0687782764e+00
-4.2035651207e+00,1.4928697050e-01
-4.6205606461e+00,-1.1043297052e+00
-3.2362728119e+00,-2.5231740475e+00
-2.8181815147e+00,2.4729871750e+00
3.2429537773e+00,-2.4211893082e+00
-5.3033810854e-01,-3.7285773754e+00
-2.7413911819e+00,-3.3304257393e+00
-3.8132670522e-01,3.5342533588e+00
4.1147809029e+00,-2.6417693496e-01
-2.6069748402e+00,-3.2423453331e+00
-2.9594402313e+00,-2.8158643246e+00
2.7022302151e+00,2.4821925163e+00
3.7942558527e-01,-3.6513171196e+00
-4.0013222694e+00,-3.3703185618e-02
2.8278021812e+00,3.1590023041e+00
-2.6794438362e+00,-3.3291044235e+00
-3.1371033192e+00,3.6366114616e+00
3.8771066666e+00,2.8217613697e-01
-3.2938468456e+00,-2.6072018147e+00
3.0777149200e+00,-2.9630591869e+00
2.4565165043e+00,-2.9922671318e+00
-2.6940326691e+00,2.9898905754e+00
-9.8027750850e-02,4.8126940727e+00
-1.2143048458e-02,3.8502218723e+00
4.2381825447e+00,3.5692620277e-01
2.8131809235e+00,2.4492144585e+00
-4.1631708145e+00,-3.6226904392e-01
2.8221199512e+00,3.0457375050e+00
-2.5988662243e+00,-3.1025698185e+00
-2.8902642727e+00,2.6582467556e+00
-2.8349001408e+00,2.8785502911e+00
2.3834829330e+00,-3.0316641331e+00
2.8559749126e+00,-2.3854625225e+00
-3.7139313221e+00,-2.0232386887e-02
1.0389838368e-01,-3.9367635250e+00
4.4083995819e+00,6.0747121461e-03
-2.9977743626e+00,2.5866291523e+00
-3.0637187958e+00,-2.2633979321e+00
2.3930399418e+00,-2.4984121323e+00
-2.7326569557e+00,-2.6012041569e+00
-1.1083058268e-01,4.3934864998e+00
3.6370792389e+00,-3.1576639414e-01
3.1065618992e+00,2.5776588917e+00
1.2762531638e-01,-3.5841333866e+00
2.9065227509e+00,2.6755270958e+00
-5.6162679195e-01,4.1528053284e+00
4.2860307693e+00,-3.5425695777e-01
-2.4464817047e+00,3.2148752213e+00
2.3678325117e-01,3.9343552589e+00
-3.6299082637e-01,3.8211121559e+00
4.0390429497e+00,-1.3111834228e-01
-2.9176764488e+00,-2.3617658615e+00
-2.7730677128e+00,-3.5718383789e+00
4.7180363536e-01,3.3361597061e+00
-2.6906988621e+00,-2.5562939644e+00
2.4736289978e+00,2.8982424736e+00
-4.3321177363e-01,4.3445558548e+00
2.9913439751e+00,2.7589554787e+00
-1.3818928599e-01,4.1630926132e+00
3.0187656879e+00,2.7884941101e+00
3.6153409481e+00,7.1485392749e-02
-3.9396646023e+00,1.8589752913e-01
3.1716024876e-01,3.8036065102e+00
3.2389359474e+00,-3.0967373848e+00
-4.1204648018e+00,-3.0854827166e-01
4.7637128830e-01,-4.0689401627e+00
-4.2552366257e+00,-2.1989811957e-01
4.1062932014e+00,-1.7655904591e-01
3.2225790024e+00,-2.9370186329e+00
2.8170647621e+00,-2.9630184174e+00
3.8877698779e-01,-4.2110505104e+00
2.8506391048e+00,-2.5318253040e+00
3.5520923138e+00,-2.7711482048e+00
-1.1467123777e-01,4.3317475319e+00
-1.3413864374e-01,3.9232096672e+00
3.0634140968e+00,-2.6678414345e+00
1.0399580747e-01,3.9746997356e+00
1.3177948073e-02,4.1241188049e+00
2.5595614314e-01,-4.3113861084e+00
-3.3290464878e+00,-3.3148820400e+00
-2.9662649632e+00,-3.1025989056e+00
-4.7411913872e+00,-1.4994682372e-01
-3.3035917282e+00,2.3869891167e+00
4.1352510452e+00,4.4417469762e-03
2.5457172394e+00,-3.0774214268e+00
-2.5401146412e+00,3.0105888844e+00
3.8780791759e+00,-7.3996491730e-02
-3.9344444275e+00,-3.3734640479e-01
-2.5862054825e+00,-2.7649593353e+00
2.5521442294e-01,-4.0871453285e+00
3.8117890358e+00,-1.5345917642e-01
3.0809314251e+00,3.1726288795e+00
-3.1456303596e+00,3.1674304008e+00
2.4559180737e+00,2.7008826733e+00
2.0672933757e-01,-4.2369971275e+00
3.9302043915e+00,1.3093684614e-01
4.4248285294e+00,-6.6605234146e-01
-3.9038538933e-01,-4.0586371422e+00
-2.5924732685e+00,2.5359694958e+00
4.9168178439e-01,-4.0943984985e+00
-2.7242100239e+00,-2.9910025597e+00
2.0782046020e-01,3.8847653866e+00
-2.9459342360e-01,-3.8630409241e+00
5.9512978792e-01,3.5652303696e+00
2.8271706104e+00,2.9538974762e+00
-4.0178265572e+00,-2.5716641545e-01
3.8216700554e+00,2.5483003259e-01
2.8744890690e+00,3.3822550774e+00
-2.5611877441e+00,3.2343404293e+00
2.9487839341e-01,4.0911092758e+00
2.6684920788e+00,-2.9468865395e+00
3.4489026070e+00,1.9093693793e-01
3.9498138428e+00,-4.1405282915e-02
3.0960631371e-01,3.6936428547e+00
-5.3360134363e-01,-4.0604524612e+00
-1.9738692045e-01,3.5936975479e+00
3.3571681976e+00,-2.7896749973e+00
2.2815258503e+00,2.7336826324e+00
-4.1007890701e+00,1.7374310642e-02
4.0337500572e+00,7.5041763484e-03
-3.0161650181e+00,2.7517096996e+00
3.1496791840e+00,-2.9068856239e+00
2.5229191780e+00,-2.9526376724e+00
2.6142859459e+00,2.8023996353e+00
-5.9413038194e-02,4.0672931671e+00
-1.6180488467e-01,3.6322081089e+00
-1.4561675489e-01,3.5209836960e+00
-4.1096210480e+00,3.3841732144e-01
-5.4786342382e-01,-4.0287384987e+00
-2.9280655384e+00,3.1155197620e+00
-3.1115784645e+00,3.3319535255e+00
4.1313285828e+00,2.1033476293e-01
-2.1075326204e-01,-3.9752860069e+00
-2.7948846817e+00,3.0063457489e+00
-2.4331424236e+00,-3.3104491234e+00
2.6128365993e+00,-3.1623594761e+00
-3.7721796036e+00,-4.5210155845e-01
2.7919111252e+00,2.9760980606e+00
-2.5876505375e+00,-2.7924141884e+00
1.8555158377e-01,-3.6393294334e+00
4.2380409241e+00,7.2824202478e-02
-3.6436114311e+00,2.7166512609e-01
-3.4731693268e+00,5.3457602859e-02
3.6273305416e+00,3.3406072855e-01
2.7200350761e+00,-2.9557480812e+00
2.6645271778e+00,-3.0062751770e+00
-2.7571651936e+00,-2.5930223465e+00
-4.1038479805e+00,-2.6340356469e-01
-2.5668210983e+00,3.4487602711e+00
3.7062096596e+00,2.2814114392e-01
-4.1430783272e+00,-2.4824256077e-02
-2.4017193913e-01,-4.0005812645e+00
4.1724390984e+00,3.1025806442e-02
3.1327694654e-01,3.8893775940e+00
-2.3662290573e+00,-2.5345141888e+00
-5.1247924566e-01,3.6956849098e+00
-2.8247007728e-01,4.4077129364e+00
-2.6132700443e+00,3.2750713825e+00
-5.2610957623e-01,-4.3184161186e+00
3.6595196724e+00,1.5939444304e-01
-2.3844208717e+00,-2.4346063137e+00
5.3990340233e-01,-4.4156827927e+00
-2.8558835983e+00,-2.7751355171e+00
2.7094340324e+00,-2.6203193665e+00
-3.1035716534e+00,2.5489201546e+00
-3.9525570869e+00,-3.5145485401e-01
3.9514672756e+00,-2.6634091139e-01
-2.5392508507e-01,-3.9474418163e+00
3.3958072662e+00,2.8876144886e+00
-2.9674155712e+00,3.2847619057e+00
-3.8855648041e+00,-2.0420020819e-01
2.5071411133e+00,3.0233628750e+00
-3.9075337350e-02,4.4771533012e+00
-2.2908842564e+00,2.7503554821e+00
3.9566926956e+00,4.6856999397e-01
2.4001100063e+00,3.0400273800e+00
-4.3541822433e+00,-9.0093523264e-02
2.7411158085e+00,-3.2612667084e+00
-2.5350956917e+00,2.4641585350e+00
3.0097506046e+00,2.8319540024e+00
-2.7861485481e+00,2.6285789013e+00
-4.0372821689e-01,4.0591659546e+00
-2.9490673542e+00,-2.3832414150e+00
2.8121531010e+00,3.1734294891e+00
-3.9944856167e+00,-1.6147595644e-01
-2.7008852959e+00,-2.9992966652e+00
2.7410244942e+00,2.7582075596e+00
-3.2359693050e+00,2.8506057262e+00
-2.3833456039e+00,2.7679035664e+00
4.1031622887e+00,-4.8210126162e-01
-4.0084328651e+00,1.0902788490e-01
-3.7778873444e+00,2.3665253818e-01
3.0019581318e+00,-2.5650074482e+00
-3.1963109970e+00,3.3853330612e+00
-2.1881837845e+00,2.9733655453e+00
-4.2347136140e-01,-3.9807398319e+00
-3.3698678017e-01,4.2313113213e+00
-4.6203227043e+00,1.6433671117e-01
-2.4519019127e+00,-3.0777323246e+00
2.4828233719e+00,2.7257575989e+00
2.6566214561e+00,-2.7616789341e+00
-4.0567727089e+00,-2.9974439740e-01
1.1441762000e-01,-3.7528786659e+00
-3.1571919918e+00,-3.0007011890e+00
-3.5329451561e+00,4.3660048395e-02
-1.4202700555e-01,-4.0231618881e+00
3.1807284355e+00,-2.7770578861e+00
-2.8684864044e+00,3.1898546219e+00
2.7953577042e+00,2.9644567966e+00
4.0912814140e+00,1.4625029266e-01
4.1396284103e+00,1.2065048516e-01
4.1588721275e+00,-3.9753171802e-01
-4.3271098137e+00,4.1669052094e-02
6.8885702640e-03,4.2698068619e+00
-2.8646999598e-01,4.1839876175e+00
-2.6657865047e+00,3.2669043541e+00
2.8464686871e+00,3.0035226345e+00
-3.4609899521e+00,2.3461319506e-01
-3.1710901260e+00,3.0112214088e+00
4.1589808464e+00,-1.8903236836e-02
-2.8787331581e+00,2.3319139481e+00
-3.0022699833e+00,2.6859624386e+00
-2.6053886414e+00,-3.6261267662e+00
-3.8468878269e+00,-1.0782697052e-01
3.0374331474e+00,-2.9364686012e+00
3.9449439049e+00,-5.7956654578e-02
-2.2731428146e+00,3.1477320194e+00
4.1842613220e+00,3.1644490082e-04
8.9030027390e-02,-3.7740812302e+00
-3.3009436131e+00,3.0677087307e+00
4.3306317329e+00,-5.6760832667e-02
4.0956220627e+00,5.0231146812e-01
3.0193448067e+00,-2.3364601135e+00
3.7794036865e+00,-2.7617534995e-01
-2.6733827591e+00,3.1567251682e+00
-2.8748281002e+00,2.3987586498e+00
2.7457516193e+00,2.3555214405e+00
-2.6967518330e+00,-2.8937408924e+00
-4.0353751183e+00,1.3319541514e-01
3.1216802597e+00,-3.1750779152e+00
-3.9243745804e+00,3.6066421866e-01
-2.8136951923e+00,-2.5499141216e+00
-2.9461932182e+00,-3.0608050823e+00
2.4739961624e+00,-2.8336591721e+00
-4.2308750153e+00,1.8703752756e-01
1.5290422738e-01,4.2671241760e+00
-1.1565677822e-01,4.5464968681e+00
2.7468287945e-01,4.1847224236e+00
3.8566281796e+00,2.7486634254e-01
-3.0276507139e-01,4.4624300003e+00
3.4061681479e-02,-4.1988754272e+00
-2.9407727718e+00,3.3625209332e+00
-2.9034414291e+00,3.0348658562e+00
1.5289753675e-01,3.9730150700e+00
-2.7148611546e+00,2.9901263714e+00
2.8541362286e+00,2.4758346081e+00
3.7569119930e+00,1.6243211925e-01
-3.3878345490e+00,3.0031616688e+00
-2.7880263329e+00,2.6057288647e+00
3.5260670185e+00,-5.0605919212e-02
-1.1775794625e-01,-4.5472884178e+00
5.9986364841e-01,3.3695898056e+00
3.0759384632e+00,-2.7600939274e+00
-3.7917098999e+00,4.5657727122e-01
2.3653643131e+00,2.7712051868e+00
-3.3448038101e+00,2.8064303398e+00
-3.1644454002e+00,-2.7897372246e+00
4.2143550515e-01,3.9477875233e+00
3.1401038170e+00,2.9561803341e+00
-2.3170061409e-01,4.2799267769e+00
-3.2273149490e+00,-2.8530468941e+00
4.0155472755e+00,3.8521674275e-01
4.1964912415e+00,3.0738613009e-01
-2.6112287045e+00,-3.1272172928e+00
-1.7085256055e-02,-4.3497648239e+00
-3.9888596535e+00,4.9349254370e-01
4.1114597321e+00,-4.4226877391e-02
2.8284513950e+00,2.6376452446e+00
3.3198492527e+00,2.4990273640e-02
-2.3620469570e+00,-2.3466136456e+00
-4.0249112248e-01,-4.3502240181e+00
-2.3704934120e+00,-2.7168567181e+00
3.1361813545e+00,3.0748548508e+00
4.2346124649e+00,4.8309367895e-01
3.3631234169e+00,-3.1931481361e+00
2.6504685879e+00,-3.2606339455e+00
2.8443193436e+00,3.2603671551e+00
-2.6800112724e+00,-3.1365451813e+00
3.0538554192e+00,3.0384075642e+00
2.4363961220e+00,-3.0120377541e+00
-2.6239194870e+00,2.2575154305e+00
4.1041965485e+00,-2.5288268924e-01
-3.9591636658e+00,-4.0246248245e-01
4.2197718620e+00,-3.3183160424e-01
3.5954825878e+00,-2.1339067817e-01
1.4844070375e-01,3.6865618229e+00
-2.7667493820e+00,2.9361221790e+00
7.6273828745e-02,-3.7961585522e+00
4.1219553947e+00,-1.5047287941e-01
-3.8658647537e+00,-1.2023984641e-01
-1.4170694165e-02,-3.8743913174e+00
-2.8463256359e+00,2.8450999260e+00
3.1003375053e+00,3.4164166451e+00
-4.0904822350e+00,-1.7570091784e-01
2.3633437157e+00,2.2404515743e+00
4.2406620979e+00,-3.1923303008e-01
-2.6834902763e+00,2.8747873306e+00
-2.6761658192e+00,2.9957799911e+00
-2.8469853401e+00,-2.6603446007e+00
-2.6943416595e+00,-2.9156374931e+00
-2.2913643718e-01,-3.9228343964e+00
-1.1054238677e-01,3.8629317284e+00
2.6131656170e+00,3.0856695175e+00
-2.7903172970e+00,-2.8167357445e+00
-3.6337757111e+00,-5.8059883118e-01
-3.9963426590e+00,-2.1960586309e-02
-4.1714110374e+00,-1.0850009508e-02
-1.9863910973e-01,-3.5117390156e+00
1.3790394366e-01,-3.6634709835e+00
3.1828764081e-01,-4.1513094902e+00
3.2369742393e+00,3.9792868495e-01
-2.8962430954e+00,-2.5411064625e+00
2.7166934013e+00,-2.9626920223e+00
-4.0607395172e+00,1.3605581596e-02
-4.1135201454e+00,-4.6130005270e-02
-4.3457680941e-01,3.7363324165e+00
-6.6439282894e-01,-4.0161633492e+00
-4.3085724115e-01,-4.0944437981e+00
-3.3867616653e+00,-3.0840270519e+00
-3.1303439140e+00,2.6152188778e+00
3.1841890812e+00,-2.3306598663e+00
1.2860126793e-01,-4.1342396736e+00
3.5393841267e+00,-3.7556949258e-01
-3.0001020432e+00,2.9439973831e+00
-2.9071173668e+00,2.5996692181e+00
4.4019689560e+00,1.3095399737e-01
2.7075562477e+00,-2.7328131199e+00
2.8740620613e-01,-3.6557044983e+00
-3.0790271759e+00,2.6468739510e+00
4.3391075134e+00,3.0332224444e-02
3.9233021736e+00,1.6065301001e-01
2.8936181068e+00,-3.0411298275e+00
-2.0482508838e-01,-4.1826496124e+00
2.6816854477e+00,3.3838248253e+00
2.1218976974e+00,-2.9537978172e+00
-2.7567005157e+00,-3.1811931133e+00
2.1282140911e-01,-3.8679711819e+00
-2.8369104862e+00,-3.2451732159e+00
-2.8750288486e+00,-1.9253238440e+00
3.3601291180e+00,-1.8639242649e-01
4.2701177597e+00,-1.1916731298e-01
-7.5745308399e-01,3.6199867725e+00
2.5813014507e+00,-2.5890793800e+00
3.2290377617e+00,-2.7110180855e+00
-5.3666466475e-01,-3.6505441666e+00
4.5073866844e-01,3.7957835197e+00
2.6347596645e+00,-2.8284814358e+00
-3.8080806732e+00,2.3509903252e-01
3.0893380642e+00,-2.9470188618e+00
-4.2858743668e+00,-2.8679275513e-01
5.8710299432e-02,4.3403506279e+00
-3.9083034992e+00,4.0139010549e-01
2.4266456068e-01,-4.1303839684e+00
-2.0594857633e-01,-3.7474744320e+00
4.0255870819e+00,6.0567092896e-01
2.0282235146e+00,2.8472990990e+00
-3.1505050659e+00,-2.7620196342e+00
-4.0750823021e+00,-7.5668357313e-02
2.8247170448e+00,-2.6203587055e+00
-2.8951554298e+00,-2.5761861801e+00
-4.2136569023e+00,-6.6527038813e-01
3.0835351348e-01,-4.0998067856e+00
-2.5665762424e+00,2.6276371479e+00
2.5301384926e+00,-2.9451298714e+00
2.5522089005e+00,2.5347847939e+00
2.6758849621e+00,-2.9462215900e+00
7.6388008893e-02,-3.8669228554e+00
-9.2503678799e-01,-3.7741141319e+00
-3.9139688015e+00,3.1741601229e-01
-2.9967327118e+00,-2.6396794319e+00
-2.4307210445e+00,2.4510388374e+00
-7.6804816723e-01,-3.8984236717e+00
2.7366466522e+00,2.8881788254e+00
3.8718729019e+00,3.7888994813e-01
-2.4576845169e+00,3.5054898262e+00
-3.9870820045e+00,1.1247918010e-02
3.9019243717e+00,-3.6038121581e-01
-3.1395893097e+00,-2.7032916546e+00
2.7140765190e+00,-2.8912854195e+00
-6.1196595430e-02,3.7532784939e+00
3.1638438702e+00,2.6995117664e+00
2.9481995106e+00,2.8366060257e+00
2.7997961044e+00,-2.4315450191e+00
2.1868431568e-01,-4.3873858452e+00
-3.1822941303e+00,-3.1814131737e+00
5.1907233894e-02,4.6020755768e+00
-3.7910912186e-02,-4.1044054031e+00
-2.8036808968e+00,2.5471408367e+00
-2.4262828827e+00,-2.8937861919e+00
2.7029125690e+00,2.9110879898e+00
1.8155449629e-01,-4.1598806381e+00
-2.6798064709e+00,-2.6835770607e+00
3.9123177528e+00,-3.6454162002e-01
2.9866900444e+00,2.9407227039e+00
-3.1751886010e-02,4.3956489563e+00
-3.9308018684e+00,5.6781902909e-02
-2.8313243389e+00,3.4142515659e+00
-9.3352422118e-02,-3.4249906540e+00
1.8462598324e-02,-3.5937242508e+00
-2.8893427849e+00,-2.7288007736e+00
2.2958445549e+00,2.1558957100e+00
1.7106851935e-01,4.2213091850e+00
3.0312309265e+00,3.2117447853e+00
-2.8559465408e+00,-2.3573021889e+00
3.0010995865e+00,-2.3710596561e+00
4.1492629051e+00,-1.4293253422e-01
-3.7146539688e+00,3.2790901661e+00
2.9850549698e+00,2.5018703938e+00
2.6453781128e+00,2.5310354233e+00
-4.1765108109e+00,-1.5413293242e-01
2.7960340977e+00,2.7042820454e+00
-4.4227614403e+00,-4.8558494449e-01
4.4141178131e+00,1.2040563673e-01
2.9946060181e+00,3.2093122005e+00
-4.5307507515e+00,-3.1567119062e-02
3.2558896542e+00,-2.6188497543e+00
3.4340853691e+00,-2.5884771347e+00
2.7498805523e+00,-2.8798682690e+00
-9.3412548304e-02,4.0493073463e+00
-2.8284621239e+00,3.2934818268e+00
3.6069080830e+00,-1.6306418926e-02
3.0220580101e+00,2.4982533455e+00
-2.7983591557e+00,-3.1788797379e+00
3.1942205429e+00,-2.4134659767e+00
3.1985551119e-01,-4.3779544830e+00
-2.9336781502e+00,2.7054672241e+00
4.1962261200e+00,-5.5792748928e-01
2.8811125755e+00,-3.2247853279e+00
2.6809222698e+00,-2.6428813934e+00
-2.8586213589e+00,-2.8800528049e+00
-2.9415147305e+00,-2.6550407410e+00
3.9284393191e-01,-3.7062201500e+00
-2.7572543621e+00,-2.9737465382e+00
-6.7648619413e-02,-4.0525131226e+00
2.5885813236e+00,-3.2824654579e+00
-2.9049510956e+00,3.0336163044e+00
-2.8598203659e+00,2.5342767239e+00
-2.4450995922e+00,-2.5587387085e+00
2.8594920635e+00,2.8176612854e+00
3.0807468891e+00,-3.0573952198e+00
-2.8373436928e+00,-2.5146522522e+00
2.3039740324e-01,-4.2101392746e+00
6.8298228085e-02,-3.5716202259e+00
2.6947870255e+00,3.0990698338e+00
2.5428524017e+00,2.6891407967e+00
4.1840062141e+00,-1.3981783390e-01
-2.6059284210e+00,2.9536237717e+00
-2.4307796955e+00,-2.8674523830e+00
-2.8576159477e+00,-2.6641576290e+00
5.1932859421e-01,3.3861002922e+00
2.6721789837e+00,-2.6852405071e+00
-1.4934423566e-01,-3.5724771023e+00
2.2596715391e-01,4.0953106880e+00
-1.4101684093e-01,-3.5078670979e+00
-3.7980747223e+00,2.5143307447e-01
2.0898641646e-01,-3.8644211292e+00
-1.2138138711e-01,-3.8676660061e+00
-2.5435168743e+00,2.7735488415e+00
3.2597789764e+00,2.6298871040e+00
-2.4725925922e+00,2.7185449600e+00
2.2637462616e+00,-2.9504511356e+00
-3.0968151093e+00,2.4143459797e+00
-4.0409431458e+00,6.6806875169e-02
2.7845892906e+00,3.5859580040e+00
-3.1681053638e+00,-2.2465126514e+00
2.6382913589e+00,-2.7842233181e+00
-3.2460883260e-02,-4.6069040298e+00
-4.2675805092e+00,-1.4941096306e-02
1.0991935432e-01,3.9229195118e+00
-3.4519500732e+00,-7.1560129523e-02
2.3588786125e+00,-2.7542848587e+00
2.7384061813e+00,-3.0233955383e+00
-3.7683182955e-01,3.3637194633e+00
-3.8539626598e+00,3.2840732485e-02
3.5508894920e+00,1.0060641915e-02
-5.7037260383e-02,3.7311444283e+00
3.4579908848e+00,2.9185781479e+00
1.1206232011e-01,-3.5059456825e+00
3.9374160767e-01,3.7292802334e+00
-2.5850148201e+00,2.9525704384e+00
2.3665804863e+00,-2.7516953945e+00
3.4341127872e+00,-6.2725710869e-01
3.6527523994e+00,-1.5745519102e-01
-2.9212577343e+00,-2.8863558769e+00
2.5350463390e+00,2.5299978256e+00
3.0095700175e-02,-4.3937172890e+00
2.7459959984e+00,-2.9714055061e+00
-3.4931433201e+00,-3.2001200598e-03
-1.4005820453e-01,4.3119912148e+00
2.7295317650e+00,2.8734793663e+00
3.8193594664e-02,3.8047735691e+00
-2.9537269473e-01,-3.9411280155e+00
1.4017218351e-01,4.2908887863e+00
7.2949983180e-02,-4.2303962708e+00
-3.7364828587e+00,-1.4760746062e-01
-3.1006131172e+00,3.0425112247e+00
4.2911295891e+00,-5.8865696192e-02
-4.2280797958e+00,9.3691334128e-02
-2.6230940819e+00,-2.4769730568e+00
-2.6744565964e+00,2.8079292774e+00
2.6618409157e-01,4.0820040703e+00
2.6008436680e+00,2.4042320251e+00
2.3150122166e+00,3.1886613369e+00
-3.2020809650e+00,-3.4641671181e+00
3.4808845520e+00,-4.3341881037e-01
-3.9720800519e-01,4.6211853027e+00
2.0870445669e-01,4.6131005287e+00
-4.4963679314e+00,3.3571061492e-01
-3.0455389023e+00,-3.1272597313e+00
-3.8422662765e-02,-3.1003761292e+00
3.6157269478e+00,-3.7506774068e-01
-4.1979289055e+00,9.8143599927e-02
3.2935786247e+00,2.2636423111e+00
3.9364514351e+00,9.1658517718e-02
2.5774650574e+00,2.7021825314e+00
3.9097990990e+00,-1.1807340384e-01
-3.1770482063e+00,2.8831489086e+00
-7.4238717556e-02,-4.0427684784e+00
-2.4912278652e+00,2.8127315044e+00
-2.4737362862e+00,1.9991861582e+00
2.4385056496e+00,-3.2041647434e+00
4.3935084343e+00,-3.3050602674e-01
2.5284185410e+00,2.2837448120e+00
-6.8530485034e-02,4.0737705231e+00
2.5014927387e+00,-2.1820218563e+00
2.0173296928e+00,-2.5631709099e+00
-4.5636320114e+00,3.2686817646e-01
-3.1306761503e-01,3.9686603546e+00
-2.9890160561e+00,2.3849849701e+00
-7.1242487431e-01,-3.9620437622e+00
2.7326698303e+00,3.2932178974e+00
-2.5769162178e+00,-3.3797516823e+00
-4.2502841949e+00,-4.0476110578e-01
3.8839573860e+00,-3.3789071441e-01
-4.6715183258e+00,-9.3445584178e-02
-9.1977894306e-02,-3.6934306622e+00
-4.2294573784e+00,-5.5662449449e-02
1.1227591336e-01,4.1980171204e+00
-2.6368889213e-01,-3.9319453239e+00
5.8639723063e-01,-4.2664723396e+00
3.3229799271e+00,-2.9508733749e+00
-2.7141728401e+00,-2.6284892559e+00
-1.6282987595e-01,-3.0905637741e+00
3.7059221268e+00,6.4787104726e-02
5.4738849401e-01,3.2289404869e+00
4.1459918022e+00,1.0996335745e-01
3.1740787029e+00,-2.6463382244e+00
-3.0682482719e+00,2.3575186729e+00
-2.3064780235e+00,-2.9151608944e+00
-2.6087689400e+00,-2.3749699593e+00
-4.4940247536e+00,1.1085304432e-02
-2.4201295376e+00,2.6207213402e+00
-2.0447695255e+00,-2.3449130058e+00
-2.9046368599e+00,-3.1180119514e+00
3.1697175503e+00,-2.8309721947e+00
-5.4190361500e-01,3.6656708717e+00
2.4463610649e+00,-3.1756196022e+00
6.6034689546e-02,-4.0929751396e+00
-3.0481257439e+00,3.0135607719e+00
2.7023537159e+00,-2.7359867096e+00
-4.1242356300e+00,-1.4895401895e-01
-4.2451831698e-01,4.0229215622e+00
-3.1043010950e-01,3.8136022091e+00
-2.3105897903e+00,2.2592463493e+00
3.4342327118e+00,-1.8721947074e-01
8.5169762373e-02,3.6268408298e+00
